
Collecting usage statistics. To deactivate, set browser.gatherUsageStats to false.


  You can now view your Streamlit app in your browser.

  URL: http://127.0.0.1:8501


Collecting usage statistics. To deactivate, set browser.gatherUsageStats to false.


  You can now view your Streamlit app in your browser.

  Local URL: http://localhost:8501
  Network URL: http://198.18.0.1:8501


Collecting usage statistics. To deactivate, set browser.gatherUsageStats to false.


  You can now view your Streamlit app in your browser.

  Local URL: http://localhost:8501
  Network URL: http://198.18.0.1:8501
  External URL: http://5.34.216.56:8501

+------------------------- Traceback (most recent call last) --------------------------+
| C:\Users\Administrator.DESKTOP-PCHA21E\AppData\Local\Programs\Python\Python312\Lib\s |
| ite-packages\streamlit\runtime\scriptrunner\exec_code.py:129 in                      |
| exec_func_with_error_handling                                                        |
|                                                                                      |
| C:\Users\Administrator.DESKTOP-PCHA21E\AppData\Local\Programs\Python\Python312\Lib\s |
| ite-packages\streamlit\runtime\scriptrunner\script_runner.py:789 in code_to_exec     |
|                                                                                      |
| D:\CODEX\XIHE-CRM\app.py:136 in <module>                                             |
|                                                                                      |
|                                                                                      |
| C:\Users\Administrator.DESKTOP-PCHA21E\AppData\Local\Programs\Python\Python312\Lib\s |
| ite-packages\streamlit\navigation\page.py:490 in run                                 |
|                                                                                      |
| D:\CODEX\XIHE-CRM\pages\08_关键词情报.py:13 in <module>                              |
|                                                                                      |
|    10 sys.path.insert(0, r"D:\CODEX\LAUCH VERSION\DOCUMENTS\SALES-DIRECTOR\skills\py |
|    11                                                                                |
|    12 from utils.config import COLORS                                                |
| >  13 from utils.database import add_keyword_archive, get_keyword_archives           |
|    14 from utils.database import add_keyword_archive, get_keyword_archives           |
|    15                                                                                |
|    16 try:                                                                           |
+--------------------------------------------------------------------------------------+
ImportError: cannot import name 'add_keyword_archive' from 'utils.database' 
(D:\CODEX\XIHE-CRM\utils\database.py)
+------------------------- Traceback (most recent call last) --------------------------+
| C:\Users\Administrator.DESKTOP-PCHA21E\AppData\Local\Programs\Python\Python312\Lib\s |
| ite-packages\streamlit\runtime\scriptrunner\exec_code.py:129 in                      |
| exec_func_with_error_handling                                                        |
|                                                                                      |
| C:\Users\Administrator.DESKTOP-PCHA21E\AppData\Local\Programs\Python\Python312\Lib\s |
| ite-packages\streamlit\runtime\scriptrunner\script_runner.py:789 in code_to_exec     |
|                                                                                      |
| D:\CODEX\XIHE-CRM\app.py:136 in <module>                                             |
|                                                                                      |
|   133     unsafe_allow_html=True,                                                    |
|   134 )                                                                              |
|   135                                                                                |
| > 136 pg.run()                                                                       |
|   137                                                                                |
|                                                                                      |
| C:\Users\Administrator.DESKTOP-PCHA21E\AppData\Local\Programs\Python\Python312\Lib\s |
| ite-packages\streamlit\navigation\page.py:490 in run                                 |
|                                                                                      |
| D:\CODEX\XIHE-CRM\pages\08_关键词情报.py:13 in <module>                              |
|                                                                                      |
|    10 sys.path.insert(0, r"D:\CODEX\LAUCH VERSION\DOCUMENTS\SALES-DIRECTOR\skills\py |
|    11                                                                                |
|    12 from utils.config import COLORS                                                |
| >  13 from utils.database import add_keyword_archive, get_keyword_archives           |
|    14 from utils.database import add_keyword_archive, get_keyword_archives           |
|    15                                                                                |
|    16 try:                                                                           |
+--------------------------------------------------------------------------------------+
ImportError: cannot import name 'add_keyword_archive' from 'utils.database' 
(D:\CODEX\XIHE-CRM\utils\database.py)
+------------------------- Traceback (most recent call last) --------------------------+
| C:\Users\Administrator.DESKTOP-PCHA21E\AppData\Local\Programs\Python\Python312\Lib\s |
| ite-packages\streamlit\runtime\scriptrunner\exec_code.py:129 in                      |
| exec_func_with_error_handling                                                        |
|                                                                                      |
| C:\Users\Administrator.DESKTOP-PCHA21E\AppData\Local\Programs\Python\Python312\Lib\s |
| ite-packages\streamlit\runtime\scriptrunner\script_runner.py:789 in code_to_exec     |
|                                                                                      |
| D:\CODEX\XIHE-CRM\app.py:136 in <module>                                             |
|                                                                                      |
|   133     unsafe_allow_html=True,                                                    |
|   134 )                                                                              |
|   135                                                                                |
| > 136 pg.run()                                                                       |
|   137                                                                                |
|                                                                                      |
| C:\Users\Administrator.DESKTOP-PCHA21E\AppData\Local\Programs\Python\Python312\Lib\s |
| ite-packages\streamlit\navigation\page.py:490 in run                                 |
|                                                                                      |
| D:\CODEX\XIHE-CRM\pages\01_仪表盘.py:12 in <module>                                  |
|                                                                                      |
|     9 sys.path.insert(0, str(Path(__file__).parent.parent))                          |
|    10                                                                                |
|    11 from utils.config import COLORS, INDUSTRY_INFO                                 |
| >  12 from utils.database import get_conversion_funnel, get_customers, get_follow_up |
|    13                                                                                |
|    14                                                                                |
|    15 def open_customer_detail(customer_id: int, email_mode: bool = False) -> None:  |
+--------------------------------------------------------------------------------------+
ImportError: cannot import name 'get_linkedin_watch_alerts' from 'utils.database' 
(D:\CODEX\XIHE-CRM\utils\database.py)
+------------------------- Traceback (most recent call last) --------------------------+
| C:\Users\Administrator.DESKTOP-PCHA21E\AppData\Local\Programs\Python\Python312\Lib\s |
| ite-packages\streamlit\runtime\scriptrunner\exec_code.py:129 in                      |
| exec_func_with_error_handling                                                        |
|                                                                                      |
| C:\Users\Administrator.DESKTOP-PCHA21E\AppData\Local\Programs\Python\Python312\Lib\s |
| ite-packages\streamlit\runtime\scriptrunner\script_runner.py:789 in code_to_exec     |
|                                                                                      |
| D:\CODEX\XIHE-CRM\app.py:136 in <module>                                             |
|                                                                                      |
|   133     unsafe_allow_html=True,                                                    |
|   134 )                                                                              |
|   135                                                                                |
| > 136 pg.run()                                                                       |
|   137                                                                                |
|                                                                                      |
| C:\Users\Administrator.DESKTOP-PCHA21E\AppData\Local\Programs\Python\Python312\Lib\s |
| ite-packages\streamlit\navigation\page.py:490 in run                                 |
|                                                                                      |
| D:\CODEX\XIHE-CRM\pages\03_客户详情.py:10 in <module>                                |
|                                                                                      |
|     7 sys.path.insert(0, str(Path(__file__).parent.parent))                          |
|     8                                                                                |
|     9 from utils.config import COLORS, INDUSTRY_INFO, PRIORITIES, STATUSES           |
| >  10 from utils.database import (                                                   |
|    11     add_email,                                                                 |
|    12     add_follow_up,                                                             |
|    13     add_linkedin_watch,                                                        |
+--------------------------------------------------------------------------------------+
ImportError: cannot import name 'add_linkedin_watch' from 'utils.database' 
(D:\CODEX\XIHE-CRM\utils\database.py)
+------------------------- Traceback (most recent call last) --------------------------+
| C:\Users\Administrator.DESKTOP-PCHA21E\AppData\Local\Programs\Python\Python312\Lib\s |
| ite-packages\streamlit\runtime\scriptrunner\exec_code.py:129 in                      |
| exec_func_with_error_handling                                                        |
|                                                                                      |
| C:\Users\Administrator.DESKTOP-PCHA21E\AppData\Local\Programs\Python\Python312\Lib\s |
| ite-packages\streamlit\runtime\scriptrunner\script_runner.py:789 in code_to_exec     |
|                                                                                      |
| D:\CODEX\XIHE-CRM\app.py:136 in <module>                                             |
|                                                                                      |
|   133     unsafe_allow_html=True,                                                    |
|   134 )                                                                              |
|   135                                                                                |
| > 136 pg.run()                                                                       |
|   137                                                                                |
|                                                                                      |
| C:\Users\Administrator.DESKTOP-PCHA21E\AppData\Local\Programs\Python\Python312\Lib\s |
| ite-packages\streamlit\navigation\page.py:490 in run                                 |
|                                                                                      |
| D:\CODEX\XIHE-CRM\pages\03_客户详情.py:10 in <module>                                |
|                                                                                      |
|     7 sys.path.insert(0, str(Path(__file__).parent.parent))                          |
|     8                                                                                |
|     9 from utils.config import COLORS, INDUSTRY_INFO, PRIORITIES, STATUSES           |
| >  10 from utils.database import (                                                   |
|    11     add_email,                                                                 |
|    12     add_follow_up,                                                             |
|    13     add_linkedin_watch,                                                        |
+--------------------------------------------------------------------------------------+
ImportError: cannot import name 'add_linkedin_watch' from 'utils.database' 
(D:\CODEX\XIHE-CRM\utils\database.py)
+------------------------- Traceback (most recent call last) --------------------------+
| C:\Users\Administrator.DESKTOP-PCHA21E\AppData\Local\Programs\Python\Python312\Lib\s |
| ite-packages\streamlit\runtime\scriptrunner\exec_code.py:129 in                      |
| exec_func_with_error_handling                                                        |
|                                                                                      |
| C:\Users\Administrator.DESKTOP-PCHA21E\AppData\Local\Programs\Python\Python312\Lib\s |
| ite-packages\streamlit\runtime\scriptrunner\script_runner.py:789 in code_to_exec     |
|                                                                                      |
| D:\CODEX\XIHE-CRM\app.py:136 in <module>                                             |
|                                                                                      |
|   133     unsafe_allow_html=True,                                                    |
|   134 )                                                                              |
|   135                                                                                |
| > 136 pg.run()                                                                       |
|   137                                                                                |
|                                                                                      |
| C:\Users\Administrator.DESKTOP-PCHA21E\AppData\Local\Programs\Python\Python312\Lib\s |
| ite-packages\streamlit\navigation\page.py:490 in run                                 |
|                                                                                      |
| D:\CODEX\XIHE-CRM\pages\03_客户详情.py:10 in <module>                                |
|                                                                                      |
|     7 sys.path.insert(0, str(Path(__file__).parent.parent))                          |
|     8                                                                                |
|     9 from utils.config import COLORS, INDUSTRY_INFO, PRIORITIES, STATUSES           |
| >  10 from utils.database import (                                                   |
|    11     add_email,                                                                 |
|    12     add_follow_up,                                                             |
|    13     add_linkedin_watch,                                                        |
+--------------------------------------------------------------------------------------+
ImportError: cannot import name 'add_linkedin_watch' from 'utils.database' 
(D:\CODEX\XIHE-CRM\utils\database.py)
+------------------------- Traceback (most recent call last) --------------------------+
| C:\Users\Administrator.DESKTOP-PCHA21E\AppData\Local\Programs\Python\Python312\Lib\s |
| ite-packages\streamlit\runtime\scriptrunner\exec_code.py:129 in                      |
| exec_func_with_error_handling                                                        |
|                                                                                      |
| C:\Users\Administrator.DESKTOP-PCHA21E\AppData\Local\Programs\Python\Python312\Lib\s |
| ite-packages\streamlit\runtime\scriptrunner\script_runner.py:789 in code_to_exec     |
|                                                                                      |
| D:\CODEX\XIHE-CRM\app.py:136 in <module>                                             |
|                                                                                      |
|   133     unsafe_allow_html=True,                                                    |
|   134 )                                                                              |
|   135                                                                                |
| > 136 pg.run()                                                                       |
|   137                                                                                |
|                                                                                      |
| C:\Users\Administrator.DESKTOP-PCHA21E\AppData\Local\Programs\Python\Python312\Lib\s |
| ite-packages\streamlit\navigation\page.py:490 in run                                 |
|                                                                                      |
| D:\CODEX\XIHE-CRM\pages\03_客户详情.py:10 in <module>                                |
|                                                                                      |
|     7 sys.path.insert(0, str(Path(__file__).parent.parent))                          |
|     8                                                                                |
|     9 from utils.config import COLORS, INDUSTRY_INFO, PRIORITIES, STATUSES           |
| >  10 from utils.database import (                                                   |
|    11     add_email,                                                                 |
|    12     add_follow_up,                                                             |
|    13     add_linkedin_watch,                                                        |
+--------------------------------------------------------------------------------------+
ImportError: cannot import name 'add_linkedin_watch' from 'utils.database' 
(D:\CODEX\XIHE-CRM\utils\database.py)
+------------------------- Traceback (most recent call last) --------------------------+
| C:\Users\Administrator.DESKTOP-PCHA21E\AppData\Local\Programs\Python\Python312\Lib\s |
| ite-packages\streamlit\runtime\scriptrunner\exec_code.py:129 in                      |
| exec_func_with_error_handling                                                        |
|                                                                                      |
| C:\Users\Administrator.DESKTOP-PCHA21E\AppData\Local\Programs\Python\Python312\Lib\s |
| ite-packages\streamlit\runtime\scriptrunner\script_runner.py:789 in code_to_exec     |
|                                                                                      |
| D:\CODEX\XIHE-CRM\app.py:136 in <module>                                             |
|                                                                                      |
|   133     unsafe_allow_html=True,                                                    |
|   134 )                                                                              |
|   135                                                                                |
| > 136 pg.run()                                                                       |
|   137                                                                                |
|                                                                                      |
| C:\Users\Administrator.DESKTOP-PCHA21E\AppData\Local\Programs\Python\Python312\Lib\s |
| ite-packages\streamlit\navigation\page.py:490 in run                                 |
|                                                                                      |
| D:\CODEX\XIHE-CRM\pages\03_客户详情.py:10 in <module>                                |
|                                                                                      |
|     7 sys.path.insert(0, str(Path(__file__).parent.parent))                          |
|     8                                                                                |
|     9 from utils.config import COLORS, INDUSTRY_INFO, PRIORITIES, STATUSES           |
| >  10 from utils.database import (                                                   |
|    11     add_email,                                                                 |
|    12     add_follow_up,                                                             |
|    13     add_linkedin_watch,                                                        |
+--------------------------------------------------------------------------------------+
ImportError: cannot import name 'add_linkedin_watch' from 'utils.database' 
(D:\CODEX\XIHE-CRM\utils\database.py)
+------------------------- Traceback (most recent call last) --------------------------+
| C:\Users\Administrator.DESKTOP-PCHA21E\AppData\Local\Programs\Python\Python312\Lib\s |
| ite-packages\streamlit\runtime\scriptrunner\exec_code.py:129 in                      |
| exec_func_with_error_handling                                                        |
|                                                                                      |
| C:\Users\Administrator.DESKTOP-PCHA21E\AppData\Local\Programs\Python\Python312\Lib\s |
| ite-packages\streamlit\runtime\scriptrunner\script_runner.py:789 in code_to_exec     |
|                                                                                      |
| D:\CODEX\XIHE-CRM\app.py:136 in <module>                                             |
|                                                                                      |
|   133     unsafe_allow_html=True,                                                    |
|   134 )                                                                              |
|   135                                                                                |
| > 136 pg.run()                                                                       |
|   137                                                                                |
|                                                                                      |
| C:\Users\Administrator.DESKTOP-PCHA21E\AppData\Local\Programs\Python\Python312\Lib\s |
| ite-packages\streamlit\navigation\page.py:490 in run                                 |
|                                                                                      |
| D:\CODEX\XIHE-CRM\pages\03_客户详情.py:10 in <module>                                |
|                                                                                      |
|     7 sys.path.insert(0, str(Path(__file__).parent.parent))                          |
|     8                                                                                |
|     9 from utils.config import COLORS, INDUSTRY_INFO, PRIORITIES, STATUSES           |
| >  10 from utils.database import (                                                   |
|    11     add_email,                                                                 |
|    12     add_follow_up,                                                             |
|    13     add_linkedin_watch,                                                        |
+--------------------------------------------------------------------------------------+
ImportError: cannot import name 'add_linkedin_watch' from 'utils.database' 
(D:\CODEX\XIHE-CRM\utils\database.py)
+------------------------- Traceback (most recent call last) --------------------------+
| C:\Users\Administrator.DESKTOP-PCHA21E\AppData\Local\Programs\Python\Python312\Lib\s |
| ite-packages\streamlit\runtime\scriptrunner\exec_code.py:129 in                      |
| exec_func_with_error_handling                                                        |
|                                                                                      |
| C:\Users\Administrator.DESKTOP-PCHA21E\AppData\Local\Programs\Python\Python312\Lib\s |
| ite-packages\streamlit\runtime\scriptrunner\script_runner.py:789 in code_to_exec     |
|                                                                                      |
| D:\CODEX\XIHE-CRM\app.py:136 in <module>                                             |
|                                                                                      |
|   133     unsafe_allow_html=True,                                                    |
|   134 )                                                                              |
|   135                                                                                |
| > 136 pg.run()                                                                       |
|   137                                                                                |
|                                                                                      |
| C:\Users\Administrator.DESKTOP-PCHA21E\AppData\Local\Programs\Python\Python312\Lib\s |
| ite-packages\streamlit\navigation\page.py:490 in run                                 |
|                                                                                      |
| D:\CODEX\XIHE-CRM\pages\03_客户详情.py:10 in <module>                                |
|                                                                                      |
|     7 sys.path.insert(0, str(Path(__file__).parent.parent))                          |
|     8                                                                                |
|     9 from utils.config import COLORS, INDUSTRY_INFO, PRIORITIES, STATUSES           |
| >  10 from utils.database import (                                                   |
|    11     add_email,                                                                 |
|    12     add_follow_up,                                                             |
|    13     add_linkedin_watch,                                                        |
+--------------------------------------------------------------------------------------+
ImportError: cannot import name 'add_linkedin_watch' from 'utils.database' 
(D:\CODEX\XIHE-CRM\utils\database.py)
+------------------------- Traceback (most recent call last) --------------------------+
| C:\Users\Administrator.DESKTOP-PCHA21E\AppData\Local\Programs\Python\Python312\Lib\s |
| ite-packages\streamlit\runtime\scriptrunner\exec_code.py:129 in                      |
| exec_func_with_error_handling                                                        |
|                                                                                      |
| C:\Users\Administrator.DESKTOP-PCHA21E\AppData\Local\Programs\Python\Python312\Lib\s |
| ite-packages\streamlit\runtime\scriptrunner\script_runner.py:789 in code_to_exec     |
|                                                                                      |
| D:\CODEX\XIHE-CRM\app.py:136 in <module>                                             |
|                                                                                      |
|   133     unsafe_allow_html=True,                                                    |
|   134 )                                                                              |
|   135                                                                                |
| > 136 pg.run()                                                                       |
|   137                                                                                |
|                                                                                      |
| C:\Users\Administrator.DESKTOP-PCHA21E\AppData\Local\Programs\Python\Python312\Lib\s |
| ite-packages\streamlit\navigation\page.py:490 in run                                 |
|                                                                                      |
| D:\CODEX\XIHE-CRM\pages\01_仪表盘.py:12 in <module>                                  |
|                                                                                      |
|     9 sys.path.insert(0, str(Path(__file__).parent.parent))                          |
|    10                                                                                |
|    11 from utils.config import COLORS, INDUSTRY_INFO                                 |
| >  12 from utils.database import get_conversion_funnel, get_customers, get_follow_up |
|    13                                                                                |
|    14                                                                                |
|    15 def open_customer_detail(customer_id: int, email_mode: bool = False) -> None:  |
+--------------------------------------------------------------------------------------+
ImportError: cannot import name 'get_linkedin_watch_alerts' from 'utils.database' 
(D:\CODEX\XIHE-CRM\utils\database.py)
+------------------------- Traceback (most recent call last) --------------------------+
| C:\Users\Administrator.DESKTOP-PCHA21E\AppData\Local\Programs\Python\Python312\Lib\s |
| ite-packages\streamlit\runtime\scriptrunner\exec_code.py:129 in                      |
| exec_func_with_error_handling                                                        |
|                                                                                      |
| C:\Users\Administrator.DESKTOP-PCHA21E\AppData\Local\Programs\Python\Python312\Lib\s |
| ite-packages\streamlit\runtime\scriptrunner\script_runner.py:789 in code_to_exec     |
|                                                                                      |
| D:\CODEX\XIHE-CRM\app.py:136 in <module>                                             |
|                                                                                      |
|   133     unsafe_allow_html=True,                                                    |
|   134 )                                                                              |
|   135                                                                                |
| > 136 pg.run()                                                                       |
|   137                                                                                |
|                                                                                      |
| C:\Users\Administrator.DESKTOP-PCHA21E\AppData\Local\Programs\Python\Python312\Lib\s |
| ite-packages\streamlit\navigation\page.py:490 in run                                 |
|                                                                                      |
| D:\CODEX\XIHE-CRM\pages\03_客户详情.py:10 in <module>                                |
|                                                                                      |
|     7 sys.path.insert(0, str(Path(__file__).parent.parent))                          |
|     8                                                                                |
|     9 from utils.config import COLORS, INDUSTRY_INFO, PRIORITIES, STATUSES           |
| >  10 from utils.database import (                                                   |
|    11     add_email,                                                                 |
|    12     add_follow_up,                                                             |
|    13     add_linkedin_watch,                                                        |
+--------------------------------------------------------------------------------------+
ImportError: cannot import name 'add_linkedin_watch' from 'utils.database' 
(D:\CODEX\XIHE-CRM\utils\database.py)
+------------------------- Traceback (most recent call last) --------------------------+
| C:\Users\Administrator.DESKTOP-PCHA21E\AppData\Local\Programs\Python\Python312\Lib\s |
| ite-packages\streamlit\runtime\scriptrunner\exec_code.py:129 in                      |
| exec_func_with_error_handling                                                        |
|                                                                                      |
| C:\Users\Administrator.DESKTOP-PCHA21E\AppData\Local\Programs\Python\Python312\Lib\s |
| ite-packages\streamlit\runtime\scriptrunner\script_runner.py:789 in code_to_exec     |
|                                                                                      |
| D:\CODEX\XIHE-CRM\app.py:136 in <module>                                             |
|                                                                                      |
|   133     unsafe_allow_html=True,                                                    |
|   134 )                                                                              |
|   135                                                                                |
| > 136 pg.run()                                                                       |
|   137                                                                                |
|                                                                                      |
| C:\Users\Administrator.DESKTOP-PCHA21E\AppData\Local\Programs\Python\Python312\Lib\s |
| ite-packages\streamlit\navigation\page.py:490 in run                                 |
|                                                                                      |
| D:\CODEX\XIHE-CRM\pages\03_客户详情.py:10 in <module>                                |
|                                                                                      |
|     7 sys.path.insert(0, str(Path(__file__).parent.parent))                          |
|     8                                                                                |
|     9 from utils.config import COLORS, INDUSTRY_INFO, PRIORITIES, STATUSES           |
| >  10 from utils.database import (                                                   |
|    11     add_email,                                                                 |
|    12     add_follow_up,                                                             |
|    13     add_linkedin_watch,                                                        |
+--------------------------------------------------------------------------------------+
ImportError: cannot import name 'add_linkedin_watch' from 'utils.database' 
(D:\CODEX\XIHE-CRM\utils\database.py)
+------------------------- Traceback (most recent call last) --------------------------+
| C:\Users\Administrator.DESKTOP-PCHA21E\AppData\Local\Programs\Python\Python312\Lib\s |
| ite-packages\streamlit\runtime\scriptrunner\exec_code.py:129 in                      |
| exec_func_with_error_handling                                                        |
|                                                                                      |
| C:\Users\Administrator.DESKTOP-PCHA21E\AppData\Local\Programs\Python\Python312\Lib\s |
| ite-packages\streamlit\runtime\scriptrunner\script_runner.py:789 in code_to_exec     |
|                                                                                      |
| D:\CODEX\XIHE-CRM\app.py:136 in <module>                                             |
|                                                                                      |
|   133     unsafe_allow_html=True,                                                    |
|   134 )                                                                              |
|   135                                                                                |
| > 136 pg.run()                                                                       |
|   137                                                                                |
|                                                                                      |
| C:\Users\Administrator.DESKTOP-PCHA21E\AppData\Local\Programs\Python\Python312\Lib\s |
| ite-packages\streamlit\navigation\page.py:490 in run                                 |
|                                                                                      |
| D:\CODEX\XIHE-CRM\pages\03_客户详情.py:10 in <module>                                |
|                                                                                      |
|     7 sys.path.insert(0, str(Path(__file__).parent.parent))                          |
|     8                                                                                |
|     9 from utils.config import COLORS, INDUSTRY_INFO, PRIORITIES, STATUSES           |
| >  10 from utils.database import (                                                   |
|    11     add_email,                                                                 |
|    12     add_follow_up,                                                             |
|    13     add_linkedin_watch,                                                        |
+--------------------------------------------------------------------------------------+
ImportError: cannot import name 'add_linkedin_watch' from 'utils.database' 
(D:\CODEX\XIHE-CRM\utils\database.py)
+------------------------- Traceback (most recent call last) --------------------------+
| C:\Users\Administrator.DESKTOP-PCHA21E\AppData\Local\Programs\Python\Python312\Lib\s |
| ite-packages\streamlit\runtime\scriptrunner\exec_code.py:129 in                      |
| exec_func_with_error_handling                                                        |
|                                                                                      |
| C:\Users\Administrator.DESKTOP-PCHA21E\AppData\Local\Programs\Python\Python312\Lib\s |
| ite-packages\streamlit\runtime\scriptrunner\script_runner.py:789 in code_to_exec     |
|                                                                                      |
| D:\CODEX\XIHE-CRM\app.py:136 in <module>                                             |
|                                                                                      |
|   133     unsafe_allow_html=True,                                                    |
|   134 )                                                                              |
|   135                                                                                |
| > 136 pg.run()                                                                       |
|   137                                                                                |
|                                                                                      |
| C:\Users\Administrator.DESKTOP-PCHA21E\AppData\Local\Programs\Python\Python312\Lib\s |
| ite-packages\streamlit\navigation\page.py:490 in run                                 |
|                                                                                      |
| D:\CODEX\XIHE-CRM\pages\03_客户详情.py:10 in <module>                                |
|                                                                                      |
|     7 sys.path.insert(0, str(Path(__file__).parent.parent))                          |
|     8                                                                                |
|     9 from utils.config import COLORS, INDUSTRY_INFO, PRIORITIES, STATUSES           |
| >  10 from utils.database import (                                                   |
|    11     add_email,                                                                 |
|    12     add_follow_up,                                                             |
|    13     add_linkedin_watch,                                                        |
+--------------------------------------------------------------------------------------+
ImportError: cannot import name 'add_linkedin_watch' from 'utils.database' 
(D:\CODEX\XIHE-CRM\utils\database.py)
+------------------------- Traceback (most recent call last) --------------------------+
| C:\Users\Administrator.DESKTOP-PCHA21E\AppData\Local\Programs\Python\Python312\Lib\s |
| ite-packages\streamlit\runtime\scriptrunner\exec_code.py:129 in                      |
| exec_func_with_error_handling                                                        |
|                                                                                      |
| C:\Users\Administrator.DESKTOP-PCHA21E\AppData\Local\Programs\Python\Python312\Lib\s |
| ite-packages\streamlit\runtime\scriptrunner\script_runner.py:789 in code_to_exec     |
|                                                                                      |
| D:\CODEX\XIHE-CRM\app.py:136 in <module>                                             |
|                                                                                      |
|   133     unsafe_allow_html=True,                                                    |
|   134 )                                                                              |
|   135                                                                                |
| > 136 pg.run()                                                                       |
|   137                                                                                |
|                                                                                      |
| C:\Users\Administrator.DESKTOP-PCHA21E\AppData\Local\Programs\Python\Python312\Lib\s |
| ite-packages\streamlit\navigation\page.py:490 in run                                 |
|                                                                                      |
| D:\CODEX\XIHE-CRM\pages\03_客户详情.py:10 in <module>                                |
|                                                                                      |
|     7 sys.path.insert(0, str(Path(__file__).parent.parent))                          |
|     8                                                                                |
|     9 from utils.config import COLORS, INDUSTRY_INFO, PRIORITIES, STATUSES           |
| >  10 from utils.database import (                                                   |
|    11     add_email,                                                                 |
|    12     add_follow_up,                                                             |
|    13     add_linkedin_watch,                                                        |
+--------------------------------------------------------------------------------------+
ImportError: cannot import name 'add_linkedin_watch' from 'utils.database' 
(D:\CODEX\XIHE-CRM\utils\database.py)
+------------------------- Traceback (most recent call last) --------------------------+
| C:\Users\Administrator.DESKTOP-PCHA21E\AppData\Local\Programs\Python\Python312\Lib\s |
| ite-packages\streamlit\runtime\scriptrunner\exec_code.py:129 in                      |
| exec_func_with_error_handling                                                        |
|                                                                                      |
| C:\Users\Administrator.DESKTOP-PCHA21E\AppData\Local\Programs\Python\Python312\Lib\s |
| ite-packages\streamlit\runtime\scriptrunner\script_runner.py:789 in code_to_exec     |
|                                                                                      |
| D:\CODEX\XIHE-CRM\app.py:136 in <module>                                             |
|                                                                                      |
|   133     unsafe_allow_html=True,                                                    |
|   134 )                                                                              |
|   135                                                                                |
| > 136 pg.run()                                                                       |
|   137                                                                                |
|                                                                                      |
| C:\Users\Administrator.DESKTOP-PCHA21E\AppData\Local\Programs\Python\Python312\Lib\s |
| ite-packages\streamlit\navigation\page.py:490 in run                                 |
|                                                                                      |
| D:\CODEX\XIHE-CRM\pages\03_客户详情.py:10 in <module>                                |
|                                                                                      |
|     7 sys.path.insert(0, str(Path(__file__).parent.parent))                          |
|     8                                                                                |
|     9 from utils.config import COLORS, INDUSTRY_INFO, PRIORITIES, STATUSES           |
| >  10 from utils.database import (                                                   |
|    11     add_email,                                                                 |
|    12     add_follow_up,                                                             |
|    13     add_linkedin_watch,                                                        |
+--------------------------------------------------------------------------------------+
ImportError: cannot import name 'add_linkedin_watch' from 'utils.database' 
(D:\CODEX\XIHE-CRM\utils\database.py)
+------------------------- Traceback (most recent call last) --------------------------+
| C:\Users\Administrator.DESKTOP-PCHA21E\AppData\Local\Programs\Python\Python312\Lib\s |
| ite-packages\streamlit\runtime\scriptrunner\exec_code.py:129 in                      |
| exec_func_with_error_handling                                                        |
|                                                                                      |
| C:\Users\Administrator.DESKTOP-PCHA21E\AppData\Local\Programs\Python\Python312\Lib\s |
| ite-packages\streamlit\runtime\scriptrunner\script_runner.py:789 in code_to_exec     |
|                                                                                      |
| D:\CODEX\XIHE-CRM\app.py:136 in <module>                                             |
|                                                                                      |
|   133     unsafe_allow_html=True,                                                    |
|   134 )                                                                              |
|   135                                                                                |
| > 136 pg.run()                                                                       |
|   137                                                                                |
|                                                                                      |
| C:\Users\Administrator.DESKTOP-PCHA21E\AppData\Local\Programs\Python\Python312\Lib\s |
| ite-packages\streamlit\navigation\page.py:490 in run                                 |
|                                                                                      |
| D:\CODEX\XIHE-CRM\pages\03_客户详情.py:10 in <module>                                |
|                                                                                      |
|     7 sys.path.insert(0, str(Path(__file__).parent.parent))                          |
|     8                                                                                |
|     9 from utils.config import COLORS, INDUSTRY_INFO, PRIORITIES, STATUSES           |
| >  10 from utils.database import (                                                   |
|    11     add_email,                                                                 |
|    12     add_follow_up,                                                             |
|    13     add_linkedin_watch,                                                        |
+--------------------------------------------------------------------------------------+
ImportError: cannot import name 'add_linkedin_watch' from 'utils.database' 
(D:\CODEX\XIHE-CRM\utils\database.py)
+------------------------- Traceback (most recent call last) --------------------------+
| C:\Users\Administrator.DESKTOP-PCHA21E\AppData\Local\Programs\Python\Python312\Lib\s |
| ite-packages\streamlit\runtime\scriptrunner\exec_code.py:129 in                      |
| exec_func_with_error_handling                                                        |
|                                                                                      |
| C:\Users\Administrator.DESKTOP-PCHA21E\AppData\Local\Programs\Python\Python312\Lib\s |
| ite-packages\streamlit\runtime\scriptrunner\script_runner.py:789 in code_to_exec     |
|                                                                                      |
| D:\CODEX\XIHE-CRM\app.py:136 in <module>                                             |
|                                                                                      |
|   133     unsafe_allow_html=True,                                                    |
|   134 )                                                                              |
|   135                                                                                |
| > 136 pg.run()                                                                       |
|   137                                                                                |
|                                                                                      |
| C:\Users\Administrator.DESKTOP-PCHA21E\AppData\Local\Programs\Python\Python312\Lib\s |
| ite-packages\streamlit\navigation\page.py:490 in run                                 |
|                                                                                      |
| D:\CODEX\XIHE-CRM\pages\03_客户详情.py:10 in <module>                                |
|                                                                                      |
|     7 sys.path.insert(0, str(Path(__file__).parent.parent))                          |
|     8                                                                                |
|     9 from utils.config import COLORS, INDUSTRY_INFO, PRIORITIES, STATUSES           |
| >  10 from utils.database import (                                                   |
|    11     add_email,                                                                 |
|    12     add_follow_up,                                                             |
|    13     add_linkedin_watch,                                                        |
+--------------------------------------------------------------------------------------+
ImportError: cannot import name 'add_linkedin_watch' from 'utils.database' 
(D:\CODEX\XIHE-CRM\utils\database.py)
+------------------------- Traceback (most recent call last) --------------------------+
| C:\Users\Administrator.DESKTOP-PCHA21E\AppData\Local\Programs\Python\Python312\Lib\s |
| ite-packages\streamlit\runtime\scriptrunner\exec_code.py:129 in                      |
| exec_func_with_error_handling                                                        |
|                                                                                      |
| C:\Users\Administrator.DESKTOP-PCHA21E\AppData\Local\Programs\Python\Python312\Lib\s |
| ite-packages\streamlit\runtime\scriptrunner\script_runner.py:789 in code_to_exec     |
|                                                                                      |
| D:\CODEX\XIHE-CRM\app.py:136 in <module>                                             |
|                                                                                      |
|   133     unsafe_allow_html=True,                                                    |
|   134 )                                                                              |
|   135                                                                                |
| > 136 pg.run()                                                                       |
|   137                                                                                |
|                                                                                      |
| C:\Users\Administrator.DESKTOP-PCHA21E\AppData\Local\Programs\Python\Python312\Lib\s |
| ite-packages\streamlit\navigation\page.py:490 in run                                 |
|                                                                                      |
| D:\CODEX\XIHE-CRM\pages\01_仪表盘.py:12 in <module>                                  |
|                                                                                      |
|     9 sys.path.insert(0, str(Path(__file__).parent.parent))                          |
|    10                                                                                |
|    11 from utils.config import COLORS, INDUSTRY_INFO                                 |
| >  12 from utils.database import get_conversion_funnel, get_customers, get_follow_up |
|    13                                                                                |
|    14                                                                                |
|    15 def open_customer_detail(customer_id: int, email_mode: bool = False) -> None:  |
+--------------------------------------------------------------------------------------+
ImportError: cannot import name 'get_linkedin_watch_alerts' from 'utils.database' 
(D:\CODEX\XIHE-CRM\utils\database.py)
+------------------------- Traceback (most recent call last) --------------------------+
| C:\Users\Administrator.DESKTOP-PCHA21E\AppData\Local\Programs\Python\Python312\Lib\s |
| ite-packages\streamlit\runtime\scriptrunner\exec_code.py:129 in                      |
| exec_func_with_error_handling                                                        |
|                                                                                      |
| C:\Users\Administrator.DESKTOP-PCHA21E\AppData\Local\Programs\Python\Python312\Lib\s |
| ite-packages\streamlit\runtime\scriptrunner\script_runner.py:789 in code_to_exec     |
|                                                                                      |
| D:\CODEX\XIHE-CRM\app.py:136 in <module>                                             |
|                                                                                      |
|   133     unsafe_allow_html=True,                                                    |
|   134 )                                                                              |
|   135                                                                                |
| > 136 pg.run()                                                                       |
|   137                                                                                |
|                                                                                      |
| C:\Users\Administrator.DESKTOP-PCHA21E\AppData\Local\Programs\Python\Python312\Lib\s |
| ite-packages\streamlit\navigation\page.py:490 in run                                 |
|                                                                                      |
| D:\CODEX\XIHE-CRM\pages\01_仪表盘.py:12 in <module>                                  |
|                                                                                      |
|     9 sys.path.insert(0, str(Path(__file__).parent.parent))                          |
|    10                                                                                |
|    11 from utils.config import COLORS, INDUSTRY_INFO                                 |
| >  12 from utils.database import get_conversion_funnel, get_customers, get_follow_up |
|    13                                                                                |
|    14                                                                                |
|    15 def open_customer_detail(customer_id: int, email_mode: bool = False) -> None:  |
+--------------------------------------------------------------------------------------+
ImportError: cannot import name 'get_linkedin_watch_alerts' from 'utils.database' 
(D:\CODEX\XIHE-CRM\utils\database.py)
+------------------------- Traceback (most recent call last) --------------------------+
| C:\Users\Administrator.DESKTOP-PCHA21E\AppData\Local\Programs\Python\Python312\Lib\s |
| ite-packages\streamlit\runtime\scriptrunner\exec_code.py:129 in                      |
| exec_func_with_error_handling                                                        |
|                                                                                      |
| C:\Users\Administrator.DESKTOP-PCHA21E\AppData\Local\Programs\Python\Python312\Lib\s |
| ite-packages\streamlit\runtime\scriptrunner\script_runner.py:789 in code_to_exec     |
|                                                                                      |
| D:\CODEX\XIHE-CRM\app.py:136 in <module>                                             |
|                                                                                      |
|   133     unsafe_allow_html=True,                                                    |
|   134 )                                                                              |
|   135                                                                                |
| > 136 pg.run()                                                                       |
|   137                                                                                |
|                                                                                      |
| C:\Users\Administrator.DESKTOP-PCHA21E\AppData\Local\Programs\Python\Python312\Lib\s |
| ite-packages\streamlit\navigation\page.py:490 in run                                 |
|                                                                                      |
| D:\CODEX\XIHE-CRM\pages\01_仪表盘.py:12 in <module>                                  |
|                                                                                      |
|     9 sys.path.insert(0, str(Path(__file__).parent.parent))                          |
|    10                                                                                |
|    11 from utils.config import COLORS, INDUSTRY_INFO                                 |
| >  12 from utils.database import get_conversion_funnel, get_customers, get_follow_up |
|    13                                                                                |
|    14                                                                                |
|    15 def open_customer_detail(customer_id: int, email_mode: bool = False) -> None:  |
+--------------------------------------------------------------------------------------+
ImportError: cannot import name 'get_linkedin_watch_alerts' from 'utils.database' 
(D:\CODEX\XIHE-CRM\utils\database.py)
+------------------------- Traceback (most recent call last) --------------------------+
| C:\Users\Administrator.DESKTOP-PCHA21E\AppData\Local\Programs\Python\Python312\Lib\s |
| ite-packages\streamlit\runtime\scriptrunner\exec_code.py:129 in                      |
| exec_func_with_error_handling                                                        |
|                                                                                      |
| C:\Users\Administrator.DESKTOP-PCHA21E\AppData\Local\Programs\Python\Python312\Lib\s |
| ite-packages\streamlit\runtime\scriptrunner\script_runner.py:789 in code_to_exec     |
|                                                                                      |
| D:\CODEX\XIHE-CRM\app.py:136 in <module>                                             |
|                                                                                      |
|   133     unsafe_allow_html=True,                                                    |
|   134 )                                                                              |
|   135                                                                                |
| > 136 pg.run()                                                                       |
|   137                                                                                |
|                                                                                      |
| C:\Users\Administrator.DESKTOP-PCHA21E\AppData\Local\Programs\Python\Python312\Lib\s |
| ite-packages\streamlit\navigation\page.py:490 in run                                 |
|                                                                                      |
| D:\CODEX\XIHE-CRM\pages\03_客户详情.py:11 in <module>                                |
|                                                                                      |
|     8                                                                                |
|     9 from utils.config import COLORS, INDUSTRY_INFO, PRIORITIES, STATUSES           |
|    10 from utils.database import (                                                   |
| >  11     add_email,                                                                 |
|    12     add_follow_up,                                                             |
|    13     add_linkedin_watch,                                                        |
|    14     create_follow_up_from_linkedin_signal,                                     |
+--------------------------------------------------------------------------------------+
ImportError: cannot import name 'add_linkedin_watch' from 'utils.database' 
(D:\CODEX\XIHE-CRM\utils\database.py)
+------------------------- Traceback (most recent call last) --------------------------+
| C:\Users\Administrator.DESKTOP-PCHA21E\AppData\Local\Programs\Python\Python312\Lib\s |
| ite-packages\streamlit\runtime\scriptrunner\exec_code.py:129 in                      |
| exec_func_with_error_handling                                                        |
|                                                                                      |
| C:\Users\Administrator.DESKTOP-PCHA21E\AppData\Local\Programs\Python\Python312\Lib\s |
| ite-packages\streamlit\runtime\scriptrunner\script_runner.py:789 in code_to_exec     |
|                                                                                      |
| D:\CODEX\XIHE-CRM\app.py:136 in <module>                                             |
|                                                                                      |
|   133     unsafe_allow_html=True,                                                    |
|   134 )                                                                              |
|   135                                                                                |
| > 136 pg.run()                                                                       |
|   137                                                                                |
|                                                                                      |
| C:\Users\Administrator.DESKTOP-PCHA21E\AppData\Local\Programs\Python\Python312\Lib\s |
| ite-packages\streamlit\navigation\page.py:490 in run                                 |
|                                                                                      |
| D:\CODEX\XIHE-CRM\pages\01_仪表盘.py:12 in <module>                                  |
|                                                                                      |
|     9 sys.path.insert(0, str(Path(__file__).parent.parent))                          |
|    10                                                                                |
|    11 from utils.config import COLORS, INDUSTRY_INFO                                 |
| >  12 from utils.database import get_conversion_funnel, get_customers, get_follow_up |
|    13                                                                                |
|    14                                                                                |
|    15 def open_customer_detail(customer_id: int, email_mode: bool = False) -> None:  |
+--------------------------------------------------------------------------------------+
ImportError: cannot import name 'get_linkedin_watch_alerts' from 'utils.database' 
(D:\CODEX\XIHE-CRM\utils\database.py)
+------------------------- Traceback (most recent call last) --------------------------+
| C:\Users\Administrator.DESKTOP-PCHA21E\AppData\Local\Programs\Python\Python312\Lib\s |
| ite-packages\streamlit\runtime\scriptrunner\exec_code.py:129 in                      |
| exec_func_with_error_handling                                                        |
|                                                                                      |
| C:\Users\Administrator.DESKTOP-PCHA21E\AppData\Local\Programs\Python\Python312\Lib\s |
| ite-packages\streamlit\runtime\scriptrunner\script_runner.py:789 in code_to_exec     |
|                                                                                      |
| D:\CODEX\XIHE-CRM\app.py:136 in <module>                                             |
|                                                                                      |
|   133     unsafe_allow_html=True,                                                    |
|   134 )                                                                              |
|   135                                                                                |
| > 136 pg.run()                                                                       |
|   137                                                                                |
|                                                                                      |
| C:\Users\Administrator.DESKTOP-PCHA21E\AppData\Local\Programs\Python\Python312\Lib\s |
| ite-packages\streamlit\navigation\page.py:490 in run                                 |
|                                                                                      |
| D:\CODEX\XIHE-CRM\pages\01_仪表盘.py:12 in <module>                                  |
|                                                                                      |
|     9 sys.path.insert(0, str(Path(__file__).parent.parent))                          |
|    10                                                                                |
|    11 from utils.config import COLORS, INDUSTRY_INFO                                 |
| >  12 from utils.database import get_conversion_funnel, get_customers, get_follow_up |
|    13                                                                                |
|    14                                                                                |
|    15 def open_customer_detail(customer_id: int, email_mode: bool = False) -> None:  |
+--------------------------------------------------------------------------------------+
ImportError: cannot import name 'get_linkedin_watch_alerts' from 'utils.database' 
(D:\CODEX\XIHE-CRM\utils\database.py)
+------------------------- Traceback (most recent call last) --------------------------+
| C:\Users\Administrator.DESKTOP-PCHA21E\AppData\Local\Programs\Python\Python312\Lib\s |
| ite-packages\streamlit\runtime\scriptrunner\exec_code.py:129 in                      |
| exec_func_with_error_handling                                                        |
|                                                                                      |
| C:\Users\Administrator.DESKTOP-PCHA21E\AppData\Local\Programs\Python\Python312\Lib\s |
| ite-packages\streamlit\runtime\scriptrunner\script_runner.py:789 in code_to_exec     |
|                                                                                      |
| D:\CODEX\XIHE-CRM\app.py:136 in <module>                                             |
|                                                                                      |
|   133     unsafe_allow_html=True,                                                    |
|   134 )                                                                              |
|   135                                                                                |
| > 136 pg.run()                                                                       |
|   137                                                                                |
|                                                                                      |
| C:\Users\Administrator.DESKTOP-PCHA21E\AppData\Local\Programs\Python\Python312\Lib\s |
| ite-packages\streamlit\navigation\page.py:490 in run                                 |
|                                                                                      |
| D:\CODEX\XIHE-CRM\pages\01_仪表盘.py:12 in <module>                                  |
|                                                                                      |
|     9 sys.path.insert(0, str(Path(__file__).parent.parent))                          |
|    10                                                                                |
|    11 from utils.config import COLORS, INDUSTRY_INFO                                 |
| >  12 from utils.database import get_conversion_funnel, get_customers, get_follow_up |
|    13                                                                                |
|    14                                                                                |
|    15 def open_customer_detail(customer_id: int, email_mode: bool = False) -> None:  |
+--------------------------------------------------------------------------------------+
ImportError: cannot import name 'get_linkedin_watch_alerts' from 'utils.database' 
(D:\CODEX\XIHE-CRM\utils\database.py)
+------------------------- Traceback (most recent call last) --------------------------+
| C:\Users\Administrator.DESKTOP-PCHA21E\AppData\Local\Programs\Python\Python312\Lib\s |
| ite-packages\streamlit\runtime\scriptrunner\exec_code.py:129 in                      |
| exec_func_with_error_handling                                                        |
|                                                                                      |
| C:\Users\Administrator.DESKTOP-PCHA21E\AppData\Local\Programs\Python\Python312\Lib\s |
| ite-packages\streamlit\runtime\scriptrunner\script_runner.py:789 in code_to_exec     |
|                                                                                      |
| D:\CODEX\XIHE-CRM\app.py:136 in <module>                                             |
|                                                                                      |
|   133     unsafe_allow_html=True,                                                    |
|   134 )                                                                              |
|   135                                                                                |
| > 136 pg.run()                                                                       |
|   137                                                                                |
|                                                                                      |
| C:\Users\Administrator.DESKTOP-PCHA21E\AppData\Local\Programs\Python\Python312\Lib\s |
| ite-packages\streamlit\navigation\page.py:490 in run                                 |
|                                                                                      |
| D:\CODEX\XIHE-CRM\pages\03_客户详情.py:11 in <module>                                |
|                                                                                      |
|     8 sys.path.insert(0, str(Path(__file__).parent.parent))                          |
|     9                                                                                |
|    10 from utils.config import COLORS, INDUSTRY_INFO, PRIORITIES, STATUSES           |
| >  11 from utils.database import (                                                   |
|    12     add_email, add_follow_up, add_linkedin_watch,                              |
|    13     create_follow_up_from_linkedin_signal, delete_follow_up, delete_linkedin_w |
|    14     get_customer, get_emails, get_follow_ups, get_linkedin_watches,            |
+--------------------------------------------------------------------------------------+
ImportError: cannot import name 'add_linkedin_watch' from 'utils.database' 
(D:\CODEX\XIHE-CRM\utils\database.py)
+------------------------- Traceback (most recent call last) --------------------------+
| C:\Users\Administrator.DESKTOP-PCHA21E\AppData\Local\Programs\Python\Python312\Lib\s |
| ite-packages\streamlit\runtime\scriptrunner\exec_code.py:129 in                      |
| exec_func_with_error_handling                                                        |
|                                                                                      |
| C:\Users\Administrator.DESKTOP-PCHA21E\AppData\Local\Programs\Python\Python312\Lib\s |
| ite-packages\streamlit\runtime\scriptrunner\script_runner.py:789 in code_to_exec     |
|                                                                                      |
| D:\CODEX\XIHE-CRM\app.py:136 in <module>                                             |
|                                                                                      |
|   133     unsafe_allow_html=True,                                                    |
|   134 )                                                                              |
|   135                                                                                |
| > 136 pg.run()                                                                       |
|   137                                                                                |
|                                                                                      |
| C:\Users\Administrator.DESKTOP-PCHA21E\AppData\Local\Programs\Python\Python312\Lib\s |
| ite-packages\streamlit\navigation\page.py:490 in run                                 |
|                                                                                      |
| D:\CODEX\XIHE-CRM\pages\01_仪表盘.py:427 in <module>                                 |
|                                                                                      |
|   424 st.markdown("---")                                                             |
|   425 st.markdown("<h3 class='section-title'>LinkedIn Watch Alerts</h3>", unsafe_all |
|   426                                                                                |
| > 427 linkedin_alerts = get_linkedin_watch_alerts(include_overdue=True)              |
|   428                                                                                |
|   429 if linkedin_alerts:                                                            |
|   430     overdue = [a for a in linkedin_alerts if a.get("check_status") == "Overdue |
+--------------------------------------------------------------------------------------+
NameError: name 'get_linkedin_watch_alerts' is not defined
+------------------------- Traceback (most recent call last) --------------------------+
| C:\Users\Administrator.DESKTOP-PCHA21E\AppData\Local\Programs\Python\Python312\Lib\s |
| ite-packages\streamlit\runtime\scriptrunner\exec_code.py:129 in                      |
| exec_func_with_error_handling                                                        |
|                                                                                      |
| C:\Users\Administrator.DESKTOP-PCHA21E\AppData\Local\Programs\Python\Python312\Lib\s |
| ite-packages\streamlit\runtime\scriptrunner\script_runner.py:789 in code_to_exec     |
|                                                                                      |
| D:\CODEX\XIHE-CRM\app.py:136 in <module>                                             |
|                                                                                      |
|   133     unsafe_allow_html=True,                                                    |
|   134 )                                                                              |
|   135                                                                                |
| > 136 pg.run()                                                                       |
|   137                                                                                |
|                                                                                      |
| C:\Users\Administrator.DESKTOP-PCHA21E\AppData\Local\Programs\Python\Python312\Lib\s |
| ite-packages\streamlit\navigation\page.py:490 in run                                 |
|                                                                                      |
| D:\CODEX\XIHE-CRM\pages\01_仪表盘.py:427 in <module>                                 |
|                                                                                      |
|   424 st.markdown("---")                                                             |
|   425 st.markdown("<h3 class='section-title'>LinkedIn Watch Alerts</h3>", unsafe_all |
|   426                                                                                |
| > 427 linkedin_alerts = get_linkedin_watch_alerts(include_overdue=True)              |
|   428                                                                                |
|   429 if linkedin_alerts:                                                            |
|   430     overdue = [a for a in linkedin_alerts if a.get("check_status") == "Overdue |
+--------------------------------------------------------------------------------------+
NameError: name 'get_linkedin_watch_alerts' is not defined
+------------------------- Traceback (most recent call last) --------------------------+
| C:\Users\Administrator.DESKTOP-PCHA21E\AppData\Local\Programs\Python\Python312\Lib\s |
| ite-packages\streamlit\runtime\scriptrunner\exec_code.py:129 in                      |
| exec_func_with_error_handling                                                        |
|                                                                                      |
| C:\Users\Administrator.DESKTOP-PCHA21E\AppData\Local\Programs\Python\Python312\Lib\s |
| ite-packages\streamlit\runtime\scriptrunner\script_runner.py:789 in code_to_exec     |
|                                                                                      |
| D:\CODEX\XIHE-CRM\app.py:136 in <module>                                             |
|                                                                                      |
|   133     unsafe_allow_html=True,                                                    |
|   134 )                                                                              |
|   135                                                                                |
| > 136 pg.run()                                                                       |
|   137                                                                                |
|                                                                                      |
| C:\Users\Administrator.DESKTOP-PCHA21E\AppData\Local\Programs\Python\Python312\Lib\s |
| ite-packages\streamlit\navigation\page.py:490 in run                                 |
|                                                                                      |
| D:\CODEX\XIHE-CRM\pages\03_客户详情.py:11 in <module>                                |
|                                                                                      |
|     8 sys.path.insert(0, str(Path(__file__).parent.parent))                          |
|     9                                                                                |
|    10 from utils.config import COLORS, INDUSTRY_INFO, PRIORITIES, STATUSES           |
| >  11 from utils.database import (                                                   |
|    12     add_email, add_follow_up, add_linkedin_watch,                              |
|    13     create_follow_up_from_linkedin_signal, delete_follow_up, delete_linkedin_w |
|    14     get_customer, get_emails, get_follow_ups, get_linkedin_watches,            |
+--------------------------------------------------------------------------------------+
ImportError: cannot import name 'add_linkedin_watch' from 'utils.database' 
(D:\CODEX\XIHE-CRM\utils\database.py)
+------------------------- Traceback (most recent call last) --------------------------+
| C:\Users\Administrator.DESKTOP-PCHA21E\AppData\Local\Programs\Python\Python312\Lib\s |
| ite-packages\streamlit\runtime\scriptrunner\exec_code.py:129 in                      |
| exec_func_with_error_handling                                                        |
|                                                                                      |
| C:\Users\Administrator.DESKTOP-PCHA21E\AppData\Local\Programs\Python\Python312\Lib\s |
| ite-packages\streamlit\runtime\scriptrunner\script_runner.py:789 in code_to_exec     |
|                                                                                      |
| D:\CODEX\XIHE-CRM\app.py:136 in <module>                                             |
|                                                                                      |
|   133     unsafe_allow_html=True,                                                    |
|   134 )                                                                              |
|   135                                                                                |
| > 136 pg.run()                                                                       |
|   137                                                                                |
|                                                                                      |
| C:\Users\Administrator.DESKTOP-PCHA21E\AppData\Local\Programs\Python\Python312\Lib\s |
| ite-packages\streamlit\navigation\page.py:490 in run                                 |
|                                                                                      |
| D:\CODEX\XIHE-CRM\pages\01_仪表盘.py:427 in <module>                                 |
|                                                                                      |
|   424 st.markdown("---")                                                             |
|   425 st.markdown("<h3 class='section-title'>LinkedIn Watch Alerts</h3>", unsafe_all |
|   426                                                                                |
| > 427 linkedin_alerts = get_linkedin_watch_alerts(include_overdue=True)              |
|   428                                                                                |
|   429 if linkedin_alerts:                                                            |
|   430     overdue = [a for a in linkedin_alerts if a.get("check_status") == "Overdue |
+--------------------------------------------------------------------------------------+
NameError: name 'get_linkedin_watch_alerts' is not defined
+------------------------- Traceback (most recent call last) --------------------------+
| C:\Users\Administrator.DESKTOP-PCHA21E\AppData\Local\Programs\Python\Python312\Lib\s |
| ite-packages\streamlit\runtime\scriptrunner\exec_code.py:129 in                      |
| exec_func_with_error_handling                                                        |
|                                                                                      |
| C:\Users\Administrator.DESKTOP-PCHA21E\AppData\Local\Programs\Python\Python312\Lib\s |
| ite-packages\streamlit\runtime\scriptrunner\script_runner.py:789 in code_to_exec     |
|                                                                                      |
| D:\CODEX\XIHE-CRM\app.py:136 in <module>                                             |
|                                                                                      |
|   133     unsafe_allow_html=True,                                                    |
|   134 )                                                                              |
|   135                                                                                |
| > 136 pg.run()                                                                       |
|   137                                                                                |
|                                                                                      |
| C:\Users\Administrator.DESKTOP-PCHA21E\AppData\Local\Programs\Python\Python312\Lib\s |
| ite-packages\streamlit\navigation\page.py:490 in run                                 |
|                                                                                      |
| D:\CODEX\XIHE-CRM\pages\01_仪表盘.py:352 in <module>                                 |
|                                                                                      |
|   349                     action_col1, action_col2, action_col3, action_col4, action |
|   350                     with action_col1:                                          |
|   351                         if st.button("Open", key=f"dash_open_{tab_index}_{cust |
| > 352                             open_customer_detail(customer["id"])               |
|   353                     with action_col2:                                          |
|   354                         if st.button("Email", key=f"dash_email_{tab_index}_{cu |
|   355                             open_customer_detail(customer["id"], email_mode=Tr |
|                                                                                      |
| D:\CODEX\XIHE-CRM\pages\01_仪表盘.py:18 in open_customer_detail                      |
|                                                                                      |
|    15 def open_customer_detail(customer_id: int, email_mode: bool = False) -> None:  |
|    16     st.session_state.detail_customer_id_val = int(customer_id)                 |
|    17     st.session_state.detail_open_email_tab = bool(email_mode)                  |
| >  18     st.switch_page("pages/03_瀹㈡埛璇︽儏.py")                                 |
|    19                                                                                |
|    20                                                                                |
|    21 def follow_up_badge(days_until: int) -> tuple[str, str]:                       |
|                                                                                      |
| C:\Users\Administrator.DESKTOP-PCHA21E\AppData\Local\Programs\Python\Python312\Lib\s |
| ite-packages\streamlit\runtime\metrics_util.py:698 in wrapped_func                   |
|                                                                                      |
| C:\Users\Administrator.DESKTOP-PCHA21E\AppData\Local\Programs\Python\Python312\Lib\s |
| ite-packages\streamlit\commands\execution_control.py:320 in switch_page              |
+--------------------------------------------------------------------------------------+
StreamlitAPIException: Could not find page: `pages/03_瀹㈡埛璇︽儏.py`. Must be the file
path relative to the main script, from the directory: `XIHE-CRM`. Only the main app file
and files in the `pages/` directory are supported.
+------------------------- Traceback (most recent call last) --------------------------+
| C:\Users\Administrator.DESKTOP-PCHA21E\AppData\Local\Programs\Python\Python312\Lib\s |
| ite-packages\streamlit\runtime\scriptrunner\exec_code.py:129 in                      |
| exec_func_with_error_handling                                                        |
|                                                                                      |
| C:\Users\Administrator.DESKTOP-PCHA21E\AppData\Local\Programs\Python\Python312\Lib\s |
| ite-packages\streamlit\runtime\scriptrunner\script_runner.py:789 in code_to_exec     |
|                                                                                      |
| D:\CODEX\XIHE-CRM\app.py:136 in <module>                                             |
|                                                                                      |
|   133     unsafe_allow_html=True,                                                    |
|   134 )                                                                              |
|   135                                                                                |
| > 136 pg.run()                                                                       |
|   137                                                                                |
|                                                                                      |
| C:\Users\Administrator.DESKTOP-PCHA21E\AppData\Local\Programs\Python\Python312\Lib\s |
| ite-packages\streamlit\navigation\page.py:490 in run                                 |
|                                                                                      |
| D:\CODEX\XIHE-CRM\pages\03_客户详情.py:11 in <module>                                |
|                                                                                      |
|     8 sys.path.insert(0, str(Path(__file__).parent.parent))                          |
|     9                                                                                |
|    10 from utils.config import COLORS, INDUSTRY_INFO, PRIORITIES, STATUSES           |
| >  11 from utils.database import (                                                   |
|    12     add_email, add_follow_up, add_linkedin_watch,                              |
|    13     create_follow_up_from_linkedin_signal, delete_follow_up, delete_linkedin_w |
|    14     get_customer, get_emails, get_follow_ups, get_linkedin_watches,            |
+--------------------------------------------------------------------------------------+
ImportError: cannot import name 'add_linkedin_watch' from 'utils.database' 
(D:\CODEX\XIHE-CRM\utils\database.py)
+------------------------- Traceback (most recent call last) --------------------------+
| C:\Users\Administrator.DESKTOP-PCHA21E\AppData\Local\Programs\Python\Python312\Lib\s |
| ite-packages\streamlit\runtime\scriptrunner\exec_code.py:129 in                      |
| exec_func_with_error_handling                                                        |
|                                                                                      |
| C:\Users\Administrator.DESKTOP-PCHA21E\AppData\Local\Programs\Python\Python312\Lib\s |
| ite-packages\streamlit\runtime\scriptrunner\script_runner.py:789 in code_to_exec     |
|                                                                                      |
| D:\CODEX\XIHE-CRM\app.py:136 in <module>                                             |
|                                                                                      |
|   133     unsafe_allow_html=True,                                                    |
|   134 )                                                                              |
|   135                                                                                |
| > 136 pg.run()                                                                       |
|   137                                                                                |
|                                                                                      |
| C:\Users\Administrator.DESKTOP-PCHA21E\AppData\Local\Programs\Python\Python312\Lib\s |
| ite-packages\streamlit\navigation\page.py:490 in run                                 |
|                                                                                      |
| D:\CODEX\XIHE-CRM\pages\01_仪表盘.py:427 in <module>                                 |
|                                                                                      |
|   424 st.markdown("---")                                                             |
|   425 st.markdown("<h3 class='section-title'>LinkedIn Watch Alerts</h3>", unsafe_all |
|   426                                                                                |
| > 427 linkedin_alerts = get_linkedin_watch_alerts(include_overdue=True)              |
|   428                                                                                |
|   429 if linkedin_alerts:                                                            |
|   430     overdue = [a for a in linkedin_alerts if a.get("check_status") == "Overdue |
+--------------------------------------------------------------------------------------+
NameError: name 'get_linkedin_watch_alerts' is not defined
+------------------------- Traceback (most recent call last) --------------------------+
| C:\Users\Administrator.DESKTOP-PCHA21E\AppData\Local\Programs\Python\Python312\Lib\s |
| ite-packages\streamlit\runtime\scriptrunner\exec_code.py:129 in                      |
| exec_func_with_error_handling                                                        |
|                                                                                      |
| C:\Users\Administrator.DESKTOP-PCHA21E\AppData\Local\Programs\Python\Python312\Lib\s |
| ite-packages\streamlit\runtime\scriptrunner\script_runner.py:789 in code_to_exec     |
|                                                                                      |
| D:\CODEX\XIHE-CRM\app.py:136 in <module>                                             |
|                                                                                      |
|   133     unsafe_allow_html=True,                                                    |
|   134 )                                                                              |
|   135                                                                                |
| > 136 pg.run()                                                                       |
|   137                                                                                |
|                                                                                      |
| C:\Users\Administrator.DESKTOP-PCHA21E\AppData\Local\Programs\Python\Python312\Lib\s |
| ite-packages\streamlit\navigation\page.py:490 in run                                 |
|                                                                                      |
| D:\CODEX\XIHE-CRM\pages\01_仪表盘.py:427 in <module>                                 |
|                                                                                      |
|   424 st.markdown("---")                                                             |
|   425 st.markdown("<h3 class='section-title'>LinkedIn Watch Alerts</h3>", unsafe_all |
|   426                                                                                |
| > 427 linkedin_alerts = get_linkedin_watch_alerts(include_overdue=True)              |
|   428                                                                                |
|   429 if linkedin_alerts:                                                            |
|   430     overdue = [a for a in linkedin_alerts if a.get("check_status") == "Overdue |
+--------------------------------------------------------------------------------------+
NameError: name 'get_linkedin_watch_alerts' is not defined
+------------------------- Traceback (most recent call last) --------------------------+
| C:\Users\Administrator.DESKTOP-PCHA21E\AppData\Local\Programs\Python\Python312\Lib\s |
| ite-packages\streamlit\runtime\scriptrunner\exec_code.py:129 in                      |
| exec_func_with_error_handling                                                        |
|                                                                                      |
| C:\Users\Administrator.DESKTOP-PCHA21E\AppData\Local\Programs\Python\Python312\Lib\s |
| ite-packages\streamlit\runtime\scriptrunner\script_runner.py:789 in code_to_exec     |
|                                                                                      |
| D:\CODEX\XIHE-CRM\app.py:136 in <module>                                             |
|                                                                                      |
|   133     unsafe_allow_html=True,                                                    |
|   134 )                                                                              |
|   135                                                                                |
| > 136 pg.run()                                                                       |
|   137                                                                                |
|                                                                                      |
| C:\Users\Administrator.DESKTOP-PCHA21E\AppData\Local\Programs\Python\Python312\Lib\s |
| ite-packages\streamlit\navigation\page.py:490 in run                                 |
|                                                                                      |
| D:\CODEX\XIHE-CRM\pages\03_客户详情.py:11 in <module>                                |
|                                                                                      |
|     8 sys.path.insert(0, str(Path(__file__).parent.parent))                          |
|     9                                                                                |
|    10 from utils.config import COLORS, INDUSTRY_INFO, PRIORITIES, STATUSES           |
| >  11 from utils.database import (                                                   |
|    12     add_email, add_follow_up, add_linkedin_watch,                              |
|    13     create_follow_up_from_linkedin_signal, delete_follow_up, delete_linkedin_w |
|    14     get_customer, get_emails, get_follow_ups, get_linkedin_watches,            |
+--------------------------------------------------------------------------------------+
ImportError: cannot import name 'add_linkedin_watch' from 'utils.database' 
(D:\CODEX\XIHE-CRM\utils\database.py)
+------------------------- Traceback (most recent call last) --------------------------+
| C:\Users\Administrator.DESKTOP-PCHA21E\AppData\Local\Programs\Python\Python312\Lib\s |
| ite-packages\streamlit\runtime\scriptrunner\exec_code.py:129 in                      |
| exec_func_with_error_handling                                                        |
|                                                                                      |
| C:\Users\Administrator.DESKTOP-PCHA21E\AppData\Local\Programs\Python\Python312\Lib\s |
| ite-packages\streamlit\runtime\scriptrunner\script_runner.py:789 in code_to_exec     |
|                                                                                      |
| D:\CODEX\XIHE-CRM\app.py:136 in <module>                                             |
|                                                                                      |
|   133     unsafe_allow_html=True,                                                    |
|   134 )                                                                              |
|   135                                                                                |
| > 136 pg.run()                                                                       |
|   137                                                                                |
|                                                                                      |
| C:\Users\Administrator.DESKTOP-PCHA21E\AppData\Local\Programs\Python\Python312\Lib\s |
| ite-packages\streamlit\navigation\page.py:490 in run                                 |
|                                                                                      |
| D:\CODEX\XIHE-CRM\pages\03_客户详情.py:11 in <module>                                |
|                                                                                      |
|     8 sys.path.insert(0, str(Path(__file__).parent.parent))                          |
|     9                                                                                |
|    10 from utils.config import COLORS, INDUSTRY_INFO, PRIORITIES, STATUSES           |
| >  11 from utils.database import (                                                   |
|    12     add_email, add_follow_up, add_linkedin_watch,                              |
|    13     create_follow_up_from_linkedin_signal, delete_follow_up, delete_linkedin_w |
|    14     get_customer, get_emails, get_follow_ups, get_linkedin_watches,            |
+--------------------------------------------------------------------------------------+
ImportError: cannot import name 'add_linkedin_watch' from 'utils.database' 
(D:\CODEX\XIHE-CRM\utils\database.py)
+------------------------- Traceback (most recent call last) --------------------------+
| C:\Users\Administrator.DESKTOP-PCHA21E\AppData\Local\Programs\Python\Python312\Lib\s |
| ite-packages\streamlit\runtime\scriptrunner\exec_code.py:129 in                      |
| exec_func_with_error_handling                                                        |
|                                                                                      |
| C:\Users\Administrator.DESKTOP-PCHA21E\AppData\Local\Programs\Python\Python312\Lib\s |
| ite-packages\streamlit\runtime\scriptrunner\script_runner.py:789 in code_to_exec     |
|                                                                                      |
| D:\CODEX\XIHE-CRM\app.py:136 in <module>                                             |
|                                                                                      |
|   133     unsafe_allow_html=True,                                                    |
|   134 )                                                                              |
|   135                                                                                |
| > 136 pg.run()                                                                       |
|   137                                                                                |
|                                                                                      |
| C:\Users\Administrator.DESKTOP-PCHA21E\AppData\Local\Programs\Python\Python312\Lib\s |
| ite-packages\streamlit\navigation\page.py:490 in run                                 |
|                                                                                      |
| D:\CODEX\XIHE-CRM\pages\01_仪表盘.py:427 in <module>                                 |
|                                                                                      |
|   424 st.markdown("---")                                                             |
|   425 st.markdown("<h3 class='section-title'>LinkedIn Watch Alerts</h3>", unsafe_all |
|   426                                                                                |
| > 427 linkedin_alerts = get_linkedin_watch_alerts(include_overdue=True)              |
|   428                                                                                |
|   429 if linkedin_alerts:                                                            |
|   430     overdue = [a for a in linkedin_alerts if a.get("check_status") == "Overdue |
+--------------------------------------------------------------------------------------+
NameError: name 'get_linkedin_watch_alerts' is not defined
+------------------------- Traceback (most recent call last) --------------------------+
| C:\Users\Administrator.DESKTOP-PCHA21E\AppData\Local\Programs\Python\Python312\Lib\s |
| ite-packages\streamlit\runtime\scriptrunner\exec_code.py:129 in                      |
| exec_func_with_error_handling                                                        |
|                                                                                      |
| C:\Users\Administrator.DESKTOP-PCHA21E\AppData\Local\Programs\Python\Python312\Lib\s |
| ite-packages\streamlit\runtime\scriptrunner\script_runner.py:789 in code_to_exec     |
|                                                                                      |
| D:\CODEX\XIHE-CRM\app.py:136 in <module>                                             |
|                                                                                      |
|   133     unsafe_allow_html=True,                                                    |
|   134 )                                                                              |
|   135                                                                                |
| > 136 pg.run()                                                                       |
|   137                                                                                |
|                                                                                      |
| C:\Users\Administrator.DESKTOP-PCHA21E\AppData\Local\Programs\Python\Python312\Lib\s |
| ite-packages\streamlit\navigation\page.py:490 in run                                 |
|                                                                                      |
| D:\CODEX\XIHE-CRM\pages\03_客户详情.py:11 in <module>                                |
|                                                                                      |
|     8 sys.path.insert(0, str(Path(__file__).parent.parent))                          |
|     9                                                                                |
|    10 from utils.config import COLORS, INDUSTRY_INFO, PRIORITIES, STATUSES           |
| >  11 from utils.database import (                                                   |
|    12     add_email, add_follow_up, add_linkedin_watch,                              |
|    13     create_follow_up_from_linkedin_signal, delete_follow_up, delete_linkedin_w |
|    14     get_customer, get_emails, get_follow_ups, get_linkedin_watches,            |
+--------------------------------------------------------------------------------------+
ImportError: cannot import name 'add_linkedin_watch' from 'utils.database' 
(D:\CODEX\XIHE-CRM\utils\database.py)
+------------------------- Traceback (most recent call last) --------------------------+
| C:\Users\Administrator.DESKTOP-PCHA21E\AppData\Local\Programs\Python\Python312\Lib\s |
| ite-packages\streamlit\runtime\scriptrunner\exec_code.py:129 in                      |
| exec_func_with_error_handling                                                        |
|                                                                                      |
| C:\Users\Administrator.DESKTOP-PCHA21E\AppData\Local\Programs\Python\Python312\Lib\s |
| ite-packages\streamlit\runtime\scriptrunner\script_runner.py:789 in code_to_exec     |
|                                                                                      |
| D:\CODEX\XIHE-CRM\app.py:136 in <module>                                             |
|                                                                                      |
|   133     unsafe_allow_html=True,                                                    |
|   134 )                                                                              |
|   135                                                                                |
| > 136 pg.run()                                                                       |
|   137                                                                                |
|                                                                                      |
| C:\Users\Administrator.DESKTOP-PCHA21E\AppData\Local\Programs\Python\Python312\Lib\s |
| ite-packages\streamlit\navigation\page.py:490 in run                                 |
|                                                                                      |
| D:\CODEX\XIHE-CRM\pages\03_客户详情.py:11 in <module>                                |
|                                                                                      |
|     8 sys.path.insert(0, str(Path(__file__).parent.parent))                          |
|     9                                                                                |
|    10 from utils.config import COLORS, INDUSTRY_INFO, PRIORITIES, STATUSES           |
| >  11 from utils.database import (                                                   |
|    12     add_email, add_follow_up, add_linkedin_watch,                              |
|    13     create_follow_up_from_linkedin_signal, delete_follow_up, delete_linkedin_w |
|    14     get_customer, get_emails, get_follow_ups, get_linkedin_watches,            |
+--------------------------------------------------------------------------------------+
ImportError: cannot import name 'add_linkedin_watch' from 'utils.database' 
(D:\CODEX\XIHE-CRM\utils\database.py)
+------------------------- Traceback (most recent call last) --------------------------+
| C:\Users\Administrator.DESKTOP-PCHA21E\AppData\Local\Programs\Python\Python312\Lib\s |
| ite-packages\streamlit\runtime\scriptrunner\exec_code.py:129 in                      |
| exec_func_with_error_handling                                                        |
|                                                                                      |
| C:\Users\Administrator.DESKTOP-PCHA21E\AppData\Local\Programs\Python\Python312\Lib\s |
| ite-packages\streamlit\runtime\scriptrunner\script_runner.py:789 in code_to_exec     |
|                                                                                      |
| D:\CODEX\XIHE-CRM\app.py:136 in <module>                                             |
|                                                                                      |
|   133     unsafe_allow_html=True,                                                    |
|   134 )                                                                              |
|   135                                                                                |
| > 136 pg.run()                                                                       |
|   137                                                                                |
|                                                                                      |
| C:\Users\Administrator.DESKTOP-PCHA21E\AppData\Local\Programs\Python\Python312\Lib\s |
| ite-packages\streamlit\navigation\page.py:490 in run                                 |
|                                                                                      |
| D:\CODEX\XIHE-CRM\pages\03_客户详情.py:11 in <module>                                |
|                                                                                      |
|     8 sys.path.insert(0, str(Path(__file__).parent.parent))                          |
|     9                                                                                |
|    10 from utils.config import COLORS, INDUSTRY_INFO, PRIORITIES, STATUSES           |
| >  11 from utils.database import (                                                   |
|    12     add_email, add_follow_up, add_linkedin_watch,                              |
|    13     create_follow_up_from_linkedin_signal, delete_follow_up, delete_linkedin_w |
|    14     get_customer, get_emails, get_follow_ups, get_linkedin_watches,            |
+--------------------------------------------------------------------------------------+
ImportError: cannot import name 'add_linkedin_watch' from 'utils.database' 
(D:\CODEX\XIHE-CRM\utils\database.py)
+------------------------- Traceback (most recent call last) --------------------------+
| C:\Users\Administrator.DESKTOP-PCHA21E\AppData\Local\Programs\Python\Python312\Lib\s |
| ite-packages\streamlit\runtime\scriptrunner\exec_code.py:129 in                      |
| exec_func_with_error_handling                                                        |
|                                                                                      |
| C:\Users\Administrator.DESKTOP-PCHA21E\AppData\Local\Programs\Python\Python312\Lib\s |
| ite-packages\streamlit\runtime\scriptrunner\script_runner.py:789 in code_to_exec     |
|                                                                                      |
| D:\CODEX\XIHE-CRM\app.py:136 in <module>                                             |
|                                                                                      |
|   133     unsafe_allow_html=True,                                                    |
|   134 )                                                                              |
|   135                                                                                |
| > 136 pg.run()                                                                       |
|   137                                                                                |
|                                                                                      |
| C:\Users\Administrator.DESKTOP-PCHA21E\AppData\Local\Programs\Python\Python312\Lib\s |
| ite-packages\streamlit\navigation\page.py:490 in run                                 |
|                                                                                      |
| D:\CODEX\XIHE-CRM\pages\01_仪表盘.py:427 in <module>                                 |
|                                                                                      |
|   424 st.markdown("---")                                                             |
|   425 st.markdown("<h3 class='section-title'>LinkedIn Watch Alerts</h3>", unsafe_all |
|   426                                                                                |
| > 427 linkedin_alerts = get_linkedin_watch_alerts(include_overdue=True)              |
|   428                                                                                |
|   429 if linkedin_alerts:                                                            |
|   430     overdue = [a for a in linkedin_alerts if a.get("check_status") == "Overdue |
+--------------------------------------------------------------------------------------+
NameError: name 'get_linkedin_watch_alerts' is not defined
+------------------------- Traceback (most recent call last) --------------------------+
| C:\Users\Administrator.DESKTOP-PCHA21E\AppData\Local\Programs\Python\Python312\Lib\s |
| ite-packages\streamlit\runtime\scriptrunner\exec_code.py:129 in                      |
| exec_func_with_error_handling                                                        |
|                                                                                      |
| C:\Users\Administrator.DESKTOP-PCHA21E\AppData\Local\Programs\Python\Python312\Lib\s |
| ite-packages\streamlit\runtime\scriptrunner\script_runner.py:789 in code_to_exec     |
|                                                                                      |
| D:\CODEX\XIHE-CRM\app.py:136 in <module>                                             |
|                                                                                      |
|   133     unsafe_allow_html=True,                                                    |
|   134 )                                                                              |
|   135                                                                                |
| > 136 pg.run()                                                                       |
|   137                                                                                |
|                                                                                      |
| C:\Users\Administrator.DESKTOP-PCHA21E\AppData\Local\Programs\Python\Python312\Lib\s |
| ite-packages\streamlit\navigation\page.py:490 in run                                 |
|                                                                                      |
| D:\CODEX\XIHE-CRM\pages\01_仪表盘.py:427 in <module>                                 |
|                                                                                      |
|   424 st.markdown("---")                                                             |
|   425 st.markdown("<h3 class='section-title'>LinkedIn Watch Alerts</h3>", unsafe_all |
|   426                                                                                |
| > 427 linkedin_alerts = get_linkedin_watch_alerts(include_overdue=True)              |
|   428                                                                                |
|   429 if linkedin_alerts:                                                            |
|   430     overdue = [a for a in linkedin_alerts if a.get("check_status") == "Overdue |
+--------------------------------------------------------------------------------------+
NameError: name 'get_linkedin_watch_alerts' is not defined
+------------------------- Traceback (most recent call last) --------------------------+
| C:\Users\Administrator.DESKTOP-PCHA21E\AppData\Local\Programs\Python\Python312\Lib\s |
| ite-packages\streamlit\runtime\scriptrunner\exec_code.py:129 in                      |
| exec_func_with_error_handling                                                        |
|                                                                                      |
| C:\Users\Administrator.DESKTOP-PCHA21E\AppData\Local\Programs\Python\Python312\Lib\s |
| ite-packages\streamlit\runtime\scriptrunner\script_runner.py:789 in code_to_exec     |
|                                                                                      |
| D:\CODEX\XIHE-CRM\app.py:136 in <module>                                             |
|                                                                                      |
|   133     unsafe_allow_html=True,                                                    |
|   134 )                                                                              |
|   135                                                                                |
| > 136 pg.run()                                                                       |
|   137                                                                                |
|                                                                                      |
| C:\Users\Administrator.DESKTOP-PCHA21E\AppData\Local\Programs\Python\Python312\Lib\s |
| ite-packages\streamlit\navigation\page.py:490 in run                                 |
|                                                                                      |
| D:\CODEX\XIHE-CRM\pages\03_客户详情.py:11 in <module>                                |
|                                                                                      |
|     8 sys.path.insert(0, str(Path(__file__).parent.parent))                          |
|     9                                                                                |
|    10 from utils.config import COLORS, INDUSTRY_INFO, PRIORITIES, STATUSES           |
| >  11 from utils.database import (                                                   |
|    12     add_email, add_follow_up, add_linkedin_watch,                              |
|    13     create_follow_up_from_linkedin_signal, delete_follow_up, delete_linkedin_w |
|    14     get_customer, get_emails, get_follow_ups, get_linkedin_watches,            |
+--------------------------------------------------------------------------------------+
ImportError: cannot import name 'add_linkedin_watch' from 'utils.database' 
(D:\CODEX\XIHE-CRM\utils\database.py)
+------------------------- Traceback (most recent call last) --------------------------+
| C:\Users\Administrator.DESKTOP-PCHA21E\AppData\Local\Programs\Python\Python312\Lib\s |
| ite-packages\streamlit\runtime\scriptrunner\exec_code.py:129 in                      |
| exec_func_with_error_handling                                                        |
|                                                                                      |
| C:\Users\Administrator.DESKTOP-PCHA21E\AppData\Local\Programs\Python\Python312\Lib\s |
| ite-packages\streamlit\runtime\scriptrunner\script_runner.py:789 in code_to_exec     |
|                                                                                      |
| D:\CODEX\XIHE-CRM\app.py:136 in <module>                                             |
|                                                                                      |
|   133     unsafe_allow_html=True,                                                    |
|   134 )                                                                              |
|   135                                                                                |
| > 136 pg.run()                                                                       |
|   137                                                                                |
|                                                                                      |
| C:\Users\Administrator.DESKTOP-PCHA21E\AppData\Local\Programs\Python\Python312\Lib\s |
| ite-packages\streamlit\navigation\page.py:490 in run                                 |
|                                                                                      |
| D:\CODEX\XIHE-CRM\pages\03_客户详情.py:11 in <module>                                |
|                                                                                      |
|     8 sys.path.insert(0, str(Path(__file__).parent.parent))                          |
|     9                                                                                |
|    10 from utils.config import COLORS, INDUSTRY_INFO, PRIORITIES, STATUSES           |
| >  11 from utils.database import (                                                   |
|    12     add_email, add_follow_up, add_linkedin_watch,                              |
|    13     create_follow_up_from_linkedin_signal, delete_follow_up, delete_linkedin_w |
|    14     get_customer, get_emails, get_follow_ups, get_linkedin_watches,            |
+--------------------------------------------------------------------------------------+
ImportError: cannot import name 'add_linkedin_watch' from 'utils.database' 
(D:\CODEX\XIHE-CRM\utils\database.py)
+------------------------- Traceback (most recent call last) --------------------------+
| C:\Users\Administrator.DESKTOP-PCHA21E\AppData\Local\Programs\Python\Python312\Lib\s |
| ite-packages\streamlit\runtime\scriptrunner\exec_code.py:129 in                      |
| exec_func_with_error_handling                                                        |
|                                                                                      |
| C:\Users\Administrator.DESKTOP-PCHA21E\AppData\Local\Programs\Python\Python312\Lib\s |
| ite-packages\streamlit\runtime\scriptrunner\script_runner.py:789 in code_to_exec     |
|                                                                                      |
| D:\CODEX\XIHE-CRM\app.py:136 in <module>                                             |
|                                                                                      |
|   133     unsafe_allow_html=True,                                                    |
|   134 )                                                                              |
|   135                                                                                |
| > 136 pg.run()                                                                       |
|   137                                                                                |
|                                                                                      |
| C:\Users\Administrator.DESKTOP-PCHA21E\AppData\Local\Programs\Python\Python312\Lib\s |
| ite-packages\streamlit\navigation\page.py:490 in run                                 |
|                                                                                      |
| D:\CODEX\XIHE-CRM\pages\01_仪表盘.py:427 in <module>                                 |
|                                                                                      |
|   424 st.markdown("---")                                                             |
|   425 st.markdown("<h3 class='section-title'>LinkedIn Watch Alerts</h3>", unsafe_all |
|   426                                                                                |
| > 427 linkedin_alerts = get_linkedin_watch_alerts(include_overdue=True)              |
|   428                                                                                |
|   429 if linkedin_alerts:                                                            |
|   430     overdue = [a for a in linkedin_alerts if a.get("check_status") == "Overdue |
+--------------------------------------------------------------------------------------+
NameError: name 'get_linkedin_watch_alerts' is not defined
+------------------------- Traceback (most recent call last) --------------------------+
| C:\Users\Administrator.DESKTOP-PCHA21E\AppData\Local\Programs\Python\Python312\Lib\s |
| ite-packages\streamlit\runtime\scriptrunner\exec_code.py:129 in                      |
| exec_func_with_error_handling                                                        |
|                                                                                      |
| C:\Users\Administrator.DESKTOP-PCHA21E\AppData\Local\Programs\Python\Python312\Lib\s |
| ite-packages\streamlit\runtime\scriptrunner\script_runner.py:789 in code_to_exec     |
|                                                                                      |
| D:\CODEX\XIHE-CRM\app.py:136 in <module>                                             |
|                                                                                      |
|   133     unsafe_allow_html=True,                                                    |
|   134 )                                                                              |
|   135                                                                                |
| > 136 pg.run()                                                                       |
|   137                                                                                |
|                                                                                      |
| C:\Users\Administrator.DESKTOP-PCHA21E\AppData\Local\Programs\Python\Python312\Lib\s |
| ite-packages\streamlit\navigation\page.py:490 in run                                 |
|                                                                                      |
| D:\CODEX\XIHE-CRM\pages\03_客户详情.py:11 in <module>                                |
|                                                                                      |
|     8 sys.path.insert(0, str(Path(__file__).parent.parent))                          |
|     9                                                                                |
|    10 from utils.config import COLORS, INDUSTRY_INFO, PRIORITIES, STATUSES           |
| >  11 from utils.database import (                                                   |
|    12     add_email, add_follow_up, add_linkedin_watch,                              |
|    13     create_follow_up_from_linkedin_signal, delete_follow_up, delete_linkedin_w |
|    14     get_customer, get_emails, get_follow_ups, get_linkedin_watches,            |
+--------------------------------------------------------------------------------------+
ImportError: cannot import name 'add_linkedin_watch' from 'utils.database' 
(D:\CODEX\XIHE-CRM\utils\database.py)
+------------------------- Traceback (most recent call last) --------------------------+
| C:\Users\Administrator.DESKTOP-PCHA21E\AppData\Local\Programs\Python\Python312\Lib\s |
| ite-packages\streamlit\runtime\scriptrunner\exec_code.py:129 in                      |
| exec_func_with_error_handling                                                        |
|                                                                                      |
| C:\Users\Administrator.DESKTOP-PCHA21E\AppData\Local\Programs\Python\Python312\Lib\s |
| ite-packages\streamlit\runtime\scriptrunner\script_runner.py:789 in code_to_exec     |
|                                                                                      |
| D:\CODEX\XIHE-CRM\app.py:136 in <module>                                             |
|                                                                                      |
|   133     unsafe_allow_html=True,                                                    |
|   134 )                                                                              |
|   135                                                                                |
| > 136 pg.run()                                                                       |
|   137                                                                                |
|                                                                                      |
| C:\Users\Administrator.DESKTOP-PCHA21E\AppData\Local\Programs\Python\Python312\Lib\s |
| ite-packages\streamlit\navigation\page.py:490 in run                                 |
|                                                                                      |
| D:\CODEX\XIHE-CRM\pages\01_仪表盘.py:12 in <module>                                  |
|                                                                                      |
|     9 sys.path.insert(0, str(Path(__file__).parent.parent))                          |
|    10                                                                                |
|    11 from utils.config import COLORS, INDUSTRY_INFO                                 |
| >  12 from utils.database import get_conversion_funnel, get_customers, get_follow_up |
|    13                                                                                |
|    14                                                                                |
|    15 def open_customer_detail(customer_id: int, email_mode: bool = False) -> None:  |
+--------------------------------------------------------------------------------------+
ImportError: cannot import name 'get_linkedin_watch_alerts' from 'utils.database' 
(D:\CODEX\XIHE-CRM\utils\database.py)
+------------------------- Traceback (most recent call last) --------------------------+
| C:\Users\Administrator.DESKTOP-PCHA21E\AppData\Local\Programs\Python\Python312\Lib\s |
| ite-packages\streamlit\runtime\scriptrunner\exec_code.py:129 in                      |
| exec_func_with_error_handling                                                        |
|                                                                                      |
| C:\Users\Administrator.DESKTOP-PCHA21E\AppData\Local\Programs\Python\Python312\Lib\s |
| ite-packages\streamlit\runtime\scriptrunner\script_runner.py:789 in code_to_exec     |
|                                                                                      |
| D:\CODEX\XIHE-CRM\app.py:136 in <module>                                             |
|                                                                                      |
|   133     unsafe_allow_html=True,                                                    |
|   134 )                                                                              |
|   135                                                                                |
| > 136 pg.run()                                                                       |
|   137                                                                                |
|                                                                                      |
| C:\Users\Administrator.DESKTOP-PCHA21E\AppData\Local\Programs\Python\Python312\Lib\s |
| ite-packages\streamlit\navigation\page.py:490 in run                                 |
|                                                                                      |
| D:\CODEX\XIHE-CRM\pages\01_仪表盘.py:12 in <module>                                  |
|                                                                                      |
|     9 sys.path.insert(0, str(Path(__file__).parent.parent))                          |
|    10                                                                                |
|    11 from utils.config import COLORS, INDUSTRY_INFO                                 |
| >  12 from utils.database import get_conversion_funnel, get_customers, get_follow_up |
|    13                                                                                |
|    14                                                                                |
|    15 def open_customer_detail(customer_id: int, email_mode: bool = False) -> None:  |
+--------------------------------------------------------------------------------------+
ImportError: cannot import name 'get_linkedin_watch_alerts' from 'utils.database' 
(D:\CODEX\XIHE-CRM\utils\database.py)
+------------------------- Traceback (most recent call last) --------------------------+
| C:\Users\Administrator.DESKTOP-PCHA21E\AppData\Local\Programs\Python\Python312\Lib\s |
| ite-packages\streamlit\runtime\scriptrunner\exec_code.py:129 in                      |
| exec_func_with_error_handling                                                        |
|                                                                                      |
| C:\Users\Administrator.DESKTOP-PCHA21E\AppData\Local\Programs\Python\Python312\Lib\s |
| ite-packages\streamlit\runtime\scriptrunner\script_runner.py:789 in code_to_exec     |
|                                                                                      |
| D:\CODEX\XIHE-CRM\app.py:136 in <module>                                             |
|                                                                                      |
|   133     unsafe_allow_html=True,                                                    |
|   134 )                                                                              |
|   135                                                                                |
| > 136 pg.run()                                                                       |
|   137                                                                                |
|                                                                                      |
| C:\Users\Administrator.DESKTOP-PCHA21E\AppData\Local\Programs\Python\Python312\Lib\s |
| ite-packages\streamlit\navigation\page.py:490 in run                                 |
|                                                                                      |
| D:\CODEX\XIHE-CRM\pages\01_仪表盘.py:12 in <module>                                  |
|                                                                                      |
|     9 sys.path.insert(0, str(Path(__file__).parent.parent))                          |
|    10                                                                                |
|    11 from utils.config import COLORS, INDUSTRY_INFO                                 |
| >  12 from utils.database import get_conversion_funnel, get_customers, get_follow_up |
|    13                                                                                |
|    14                                                                                |
|    15 def open_customer_detail(customer_id: int, email_mode: bool = False) -> None:  |
+--------------------------------------------------------------------------------------+
ImportError: cannot import name 'get_linkedin_watch_alerts' from 'utils.database' 
(D:\CODEX\XIHE-CRM\utils\database.py)
+------------------------- Traceback (most recent call last) --------------------------+
| C:\Users\Administrator.DESKTOP-PCHA21E\AppData\Local\Programs\Python\Python312\Lib\s |
| ite-packages\streamlit\runtime\scriptrunner\exec_code.py:129 in                      |
| exec_func_with_error_handling                                                        |
|                                                                                      |
| C:\Users\Administrator.DESKTOP-PCHA21E\AppData\Local\Programs\Python\Python312\Lib\s |
| ite-packages\streamlit\runtime\scriptrunner\script_runner.py:789 in code_to_exec     |
|                                                                                      |
| D:\CODEX\XIHE-CRM\app.py:136 in <module>                                             |
|                                                                                      |
|   133         st.Page("pages/07_设置.py", title="设置", icon="+------------------------- Traceback (most recent call last) --------------------------+
| C:\Users\Administrator.DESKTOP-PCHA21E\AppData\Local\Programs\Python\Python312\Lib\s |
| ite-packages\streamlit\runtime\scriptrunner\exec_code.py:129 in                      |
| exec_func_with_error_handling                                                        |
|                                                                                      |
| C:\Users\Administrator.DESKTOP-PCHA21E\AppData\Local\Programs\Python\Python312\Lib\s |
| ite-packages\streamlit\runtime\scriptrunner\script_runner.py:789 in code_to_exec     |
|                                                                                      |
| D:\CODEX\XIHE-CRM\app.py:136 in <module>                                             |
|                                                                                      |
|   133         st.Page("pages/07_设置.py", title="设置", icon="+------------------------- Traceback (most recent call last) --------------------------+
| C:\Users\Administrator.DESKTOP-PCHA21E\AppData\Local\Programs\Python\Python312\Lib\s |
| ite-packages\streamlit\runtime\scriptrunner\exec_code.py:129 in                      |
| exec_func_with_error_handling                                                        |
|                                                                                      |
| C:\Users\Administrator.DESKTOP-PCHA21E\AppData\Local\Programs\Python\Python312\Lib\s |
| ite-packages\streamlit\runtime\scriptrunner\script_runner.py:789 in code_to_exec     |
|                                                                                      |
| D:\CODEX\XIHE-CRM\app.py:136 in <module>                                             |
|                                                                                      |
|   133     ],                                                                         |
|   134     "Keyword Intelligence": [                                                  |
|   135         st.Page("pages/08_关键词情报.py", title="关键词情报", icon="+------------------------- Traceback (most recent call last) --------------------------+
| C:\Users\Administrator.DESKTOP-PCHA21E\AppData\Local\Programs\Python\Python312\Lib\s |
| ite-packages\streamlit\runtime\scriptrunner\exec_code.py:129 in                      |
| exec_func_with_error_handling                                                        |
|                                                                                      |
| C:\Users\Administrator.DESKTOP-PCHA21E\AppData\Local\Programs\Python\Python312\Lib\s |
| ite-packages\streamlit\runtime\scriptrunner\script_runner.py:789 in code_to_exec     |
|                                                                                      |
| D:\CODEX\XIHE-CRM\app.py:136 in <module>                                             |
|                                                                                      |
|   133     ],                                                                         |
|   134     "Keyword Intelligence": [                                                  |
|   135         st.Page("pages/08_关键词情报.py", title="关键词情报", icon="+------------------------- Traceback (most recent call last) --------------------------+
| C:\Users\Administrator.DESKTOP-PCHA21E\AppData\Local\Programs\Python\Python312\Lib\s |
| ite-packages\streamlit\runtime\scriptrunner\exec_code.py:129 in                      |
| exec_func_with_error_handling                                                        |
|                                                                                      |
| C:\Users\Administrator.DESKTOP-PCHA21E\AppData\Local\Programs\Python\Python312\Lib\s |
| ite-packages\streamlit\runtime\scriptrunner\script_runner.py:789 in code_to_exec     |
|                                                                                      |
| D:\CODEX\XIHE-CRM\app.py:136 in <module>                                             |
|                                                                                      |
|   133         st.Page("pages/07_设置.py", title="设置", icon="+------------------------- Traceback (most recent call last) --------------------------+
| C:\Users\Administrator.DESKTOP-PCHA21E\AppData\Local\Programs\Python\Python312\Lib\s |
| ite-packages\streamlit\runtime\scriptrunner\exec_code.py:129 in                      |
| exec_func_with_error_handling                                                        |
|                                                                                      |
| C:\Users\Administrator.DESKTOP-PCHA21E\AppData\Local\Programs\Python\Python312\Lib\s |
| ite-packages\streamlit\runtime\scriptrunner\script_runner.py:789 in code_to_exec     |
|                                                                                      |
| D:\CODEX\XIHE-CRM\app.py:136 in <module>                                             |
|                                                                                      |
|   133         st.Page("pages/07_设置.py", title="设置", icon="+------------------------- Traceback (most recent call last) --------------------------+
| C:\Users\Administrator.DESKTOP-PCHA21E\AppData\Local\Programs\Python\Python312\Lib\s |
| ite-packages\streamlit\runtime\scriptrunner\exec_code.py:129 in                      |
| exec_func_with_error_handling                                                        |
|                                                                                      |
| C:\Users\Administrator.DESKTOP-PCHA21E\AppData\Local\Programs\Python\Python312\Lib\s |
| ite-packages\streamlit\runtime\scriptrunner\script_runner.py:789 in code_to_exec     |
|                                                                                      |
| D:\CODEX\XIHE-CRM\app.py:136 in <module>                                             |
|                                                                                      |
|   133     unsafe_allow_html=True,                                                    |
|   134 )                                                                              |
|   135                                                                                |
| > 136 pg.run()                                                                       |
|   137                                                                                |
|                                                                                      |
| C:\Users\Administrator.DESKTOP-PCHA21E\AppData\Local\Programs\Python\Python312\Lib\s |
| ite-packages\streamlit\navigation\page.py:490 in run                                 |
|                                                                                      |
| D:\CODEX\XIHE-CRM\pages\01_仪表盘.py:12 in <module>                                  |
|                                                                                      |
|     9 sys.path.insert(0, str(Path(__file__).parent.parent))                          |
|    10                                                                                |
|    11 from crm_utils.config import COLORS, INDUSTRY_INFO                             |
| >  12 from crm_utils.database import get_conversion_funnel, get_customers, get_follo |
|    13                                                                                |
|    14                                                                                |
|    15 def open_customer_detail(customer_id: int, email_mode: bool = False) -> None:  |
+--------------------------------------------------------------------------------------+
ImportError: cannot import name 'get_linkedin_watch_alerts' from 'utils.database' 
(D:\CODEX\XIHE-CRM\utils\database.py)
+------------------------- Traceback (most recent call last) --------------------------+
| C:\Users\Administrator.DESKTOP-PCHA21E\AppData\Local\Programs\Python\Python312\Lib\s |
| ite-packages\streamlit\runtime\scriptrunner\exec_code.py:129 in                      |
| exec_func_with_error_handling                                                        |
|                                                                                      |
| C:\Users\Administrator.DESKTOP-PCHA21E\AppData\Local\Programs\Python\Python312\Lib\s |
| ite-packages\streamlit\runtime\scriptrunner\script_runner.py:789 in code_to_exec     |
|                                                                                      |
| D:\CODEX\XIHE-CRM\app.py:136 in <module>                                             |
|                                                                                      |
|   133     unsafe_allow_html=True,                                                    |
|   134 )                                                                              |
|   135                                                                                |
| > 136 pg.run()                                                                       |
|   137                                                                                |
|                                                                                      |
| C:\Users\Administrator.DESKTOP-PCHA21E\AppData\Local\Programs\Python\Python312\Lib\s |
| ite-packages\streamlit\navigation\page.py:490 in run                                 |
|                                                                                      |
| D:\CODEX\XIHE-CRM\pages\01_仪表盘.py:12 in <module>                                  |
|                                                                                      |
|     9 sys.path.insert(0, str(Path(__file__).parent.parent))                          |
|    10                                                                                |
|    11 from crm_utils.config import COLORS, INDUSTRY_INFO                             |
| >  12 from crm_utils.database import get_conversion_funnel, get_customers, get_follo |
|    13                                                                                |
|    14                                                                                |
|    15 def open_customer_detail(customer_id: int, email_mode: bool = False) -> None:  |
+--------------------------------------------------------------------------------------+
ImportError: cannot import name 'get_linkedin_watch_alerts' from 'utils.database' 
(D:\CODEX\XIHE-CRM\utils\database.py)
+------------------------- Traceback (most recent call last) --------------------------+
| C:\Users\Administrator.DESKTOP-PCHA21E\AppData\Local\Programs\Python\Python312\Lib\s |
| ite-packages\streamlit\runtime\scriptrunner\exec_code.py:129 in                      |
| exec_func_with_error_handling                                                        |
|                                                                                      |
| C:\Users\Administrator.DESKTOP-PCHA21E\AppData\Local\Programs\Python\Python312\Lib\s |
| ite-packages\streamlit\runtime\scriptrunner\script_runner.py:789 in code_to_exec     |
|                                                                                      |
| D:\CODEX\XIHE-CRM\app.py:136 in <module>                                             |
|                                                                                      |
|   133     unsafe_allow_html=True,                                                    |
|   134 )                                                                              |
|   135                                                                                |
| > 136 pg.run()                                                                       |
|   137                                                                                |
|                                                                                      |
| C:\Users\Administrator.DESKTOP-PCHA21E\AppData\Local\Programs\Python\Python312\Lib\s |
| ite-packages\streamlit\navigation\page.py:490 in run                                 |
|                                                                                      |
| D:\CODEX\XIHE-CRM\pages\01_仪表盘.py:12 in <module>                                  |
|                                                                                      |
|     9 sys.path.insert(0, str(Path(__file__).parent.parent))                          |
|    10                                                                                |
|    11 from crm_utils.config import COLORS, INDUSTRY_INFO                             |
| >  12 from crm_utils.database import get_conversion_funnel, get_customers, get_follo |
|    13                                                                                |
|    14                                                                                |
|    15 def open_customer_detail(customer_id: int, email_mode: bool = False) -> None:  |
+--------------------------------------------------------------------------------------+
ImportError: cannot import name 'get_linkedin_watch_alerts' from 'utils.database' 
(D:\CODEX\XIHE-CRM\utils\database.py)
+------------------------- Traceback (most recent call last) --------------------------+
| C:\Users\Administrator.DESKTOP-PCHA21E\AppData\Local\Programs\Python\Python312\Lib\s |
| ite-packages\streamlit\runtime\scriptrunner\exec_code.py:129 in                      |
| exec_func_with_error_handling                                                        |
|                                                                                      |
| C:\Users\Administrator.DESKTOP-PCHA21E\AppData\Local\Programs\Python\Python312\Lib\s |
| ite-packages\streamlit\runtime\scriptrunner\script_runner.py:789 in code_to_exec     |
|                                                                                      |
| D:\CODEX\XIHE-CRM\app.py:136 in <module>                                             |
|                                                                                      |
|   133     unsafe_allow_html=True,                                                    |
|   134 )                                                                              |
|   135                                                                                |
| > 136 pg.run()                                                                       |
|   137                                                                                |
|                                                                                      |
| C:\Users\Administrator.DESKTOP-PCHA21E\AppData\Local\Programs\Python\Python312\Lib\s |
| ite-packages\streamlit\navigation\page.py:490 in run                                 |
|                                                                                      |
| D:\CODEX\XIHE-CRM\pages\01_仪表盘.py:12 in <module>                                  |
|                                                                                      |
|     9 sys.path.insert(0, str(Path(__file__).parent.parent))                          |
|    10                                                                                |
|    11 from crm_utils.config import COLORS, INDUSTRY_INFO                             |
| >  12 from crm_utils.database import get_conversion_funnel, get_customers, get_follo |
|    13                                                                                |
|    14                                                                                |
|    15 def open_customer_detail(customer_id: int, email_mode: bool = False) -> None:  |
+--------------------------------------------------------------------------------------+
ImportError: cannot import name 'get_linkedin_watch_alerts' from 'utils.database' 
(D:\CODEX\XIHE-CRM\utils\database.py)
+------------------------- Traceback (most recent call last) --------------------------+
| C:\Users\Administrator.DESKTOP-PCHA21E\AppData\Local\Programs\Python\Python312\Lib\s |
| ite-packages\streamlit\runtime\scriptrunner\exec_code.py:129 in                      |
| exec_func_with_error_handling                                                        |
|                                                                                      |
| C:\Users\Administrator.DESKTOP-PCHA21E\AppData\Local\Programs\Python\Python312\Lib\s |
| ite-packages\streamlit\runtime\scriptrunner\script_runner.py:789 in code_to_exec     |
|                                                                                      |
| D:\CODEX\XIHE-CRM\app.py:136 in <module>                                             |
|                                                                                      |
|   133     unsafe_allow_html=True,                                                    |
|   134 )                                                                              |
|   135                                                                                |
| > 136 pg.run()                                                                       |
|   137                                                                                |
|                                                                                      |
| C:\Users\Administrator.DESKTOP-PCHA21E\AppData\Local\Programs\Python\Python312\Lib\s |
| ite-packages\streamlit\navigation\page.py:490 in run                                 |
|                                                                                      |
| D:\CODEX\XIHE-CRM\pages\01_仪表盘.py:12 in <module>                                  |
|                                                                                      |
|     9 sys.path.insert(0, str(Path(__file__).parent.parent))                          |
|    10                                                                                |
|    11 from crm_utils.config import COLORS, INDUSTRY_INFO                             |
| >  12 from crm_utils.database import get_conversion_funnel, get_customers, get_follo |
|    13                                                                                |
|    14                                                                                |
|    15 def open_customer_detail(customer_id: int, email_mode: bool = False) -> None:  |
+--------------------------------------------------------------------------------------+
ImportError: cannot import name 'get_linkedin_watch_alerts' from 'utils.database' 
(D:\CODEX\XIHE-CRM\utils\database.py)
+------------------------- Traceback (most recent call last) --------------------------+
| C:\Users\Administrator.DESKTOP-PCHA21E\AppData\Local\Programs\Python\Python312\Lib\s |
| ite-packages\streamlit\runtime\scriptrunner\exec_code.py:129 in                      |
| exec_func_with_error_handling                                                        |
|                                                                                      |
| C:\Users\Administrator.DESKTOP-PCHA21E\AppData\Local\Programs\Python\Python312\Lib\s |
| ite-packages\streamlit\runtime\scriptrunner\script_runner.py:789 in code_to_exec     |
|                                                                                      |
| D:\CODEX\XIHE-CRM\app.py:136 in <module>                                             |
|                                                                                      |
|   133         st.Page("pages/09_账户情报.py", title="账户情报", icon="+------------------------- Traceback (most recent call last) --------------------------+
| C:\Users\Administrator.DESKTOP-PCHA21E\AppData\Local\Programs\Python\Python312\Lib\s |
| ite-packages\streamlit\runtime\scriptrunner\exec_code.py:129 in                      |
| exec_func_with_error_handling                                                        |
|                                                                                      |
| C:\Users\Administrator.DESKTOP-PCHA21E\AppData\Local\Programs\Python\Python312\Lib\s |
| ite-packages\streamlit\runtime\scriptrunner\script_runner.py:789 in code_to_exec     |
|                                                                                      |
| D:\CODEX\XIHE-CRM\app.py:136 in <module>                                             |
|                                                                                      |
|   133         st.Page("pages/09_账户情报.py", title="账户情报", icon="+------------------------- Traceback (most recent call last) --------------------------+
| C:\Users\Administrator.DESKTOP-PCHA21E\AppData\Local\Programs\Python\Python312\Lib\s |
| ite-packages\streamlit\runtime\scriptrunner\exec_code.py:129 in                      |
| exec_func_with_error_handling                                                        |
|                                                                                      |
| C:\Users\Administrator.DESKTOP-PCHA21E\AppData\Local\Programs\Python\Python312\Lib\s |
| ite-packages\streamlit\runtime\scriptrunner\script_runner.py:789 in code_to_exec     |
|                                                                                      |
| D:\CODEX\XIHE-CRM\app.py:136 in <module>                                             |
|                                                                                      |
|   133     ],                                                                         |
|   134 }                                                                              |
|   135                                                                                |
| > 136 pg = st.navigation(pages)                                                      |
|   137                                                                                |
|   138 st.sidebar.divider()                                                           |
|   139 st.sidebar.markdown(                                                           |
|                                                                                      |
| C:\Users\Administrator.DESKTOP-PCHA21E\AppData\Local\Programs\Python\Python312\Lib\s |
| ite-packages\streamlit\navigation\page.py:490 in run                                 |
|                                                                                      |
| D:\CODEX\XIHE-CRM\pages\01_仪表盘.py:12 in <module>                                  |
|                                                                                      |
|     9 sys.path.insert(0, str(Path(__file__).parent.parent))                          |
|    10                                                                                |
|    11 from utils.config import COLORS, INDUSTRY_INFO                                 |
| >  12 from utils.database import get_conversion_funnel, get_customers, get_follow_up |
|    13                                                                                |
|    14                                                                                |
|    15 def open_customer_detail(customer_id: int, email_mode: bool = False) -> None:  |
+--------------------------------------------------------------------------------------+
ImportError: cannot import name 'get_linkedin_watch_alerts' from 'utils.database' 
(D:\CODEX\XIHE-CRM\utils\database.py)
+------------------------- Traceback (most recent call last) --------------------------+
| C:\Users\Administrator.DESKTOP-PCHA21E\AppData\Local\Programs\Python\Python312\Lib\s |
| ite-packages\streamlit\runtime\scriptrunner\exec_code.py:129 in                      |
| exec_func_with_error_handling                                                        |
|                                                                                      |
| C:\Users\Administrator.DESKTOP-PCHA21E\AppData\Local\Programs\Python\Python312\Lib\s |
| ite-packages\streamlit\runtime\scriptrunner\script_runner.py:789 in code_to_exec     |
|                                                                                      |
| D:\CODEX\XIHE-CRM\app.py:136 in <module>                                             |
|                                                                                      |
|   133     ],                                                                         |
|   134 }                                                                              |
|   135                                                                                |
| > 136 pg = st.navigation(pages)                                                      |
|   137                                                                                |
|   138 st.sidebar.divider()                                                           |
|   139 st.sidebar.markdown(                                                           |
|                                                                                      |
| C:\Users\Administrator.DESKTOP-PCHA21E\AppData\Local\Programs\Python\Python312\Lib\s |
| ite-packages\streamlit\navigation\page.py:490 in run                                 |
|                                                                                      |
| D:\CODEX\XIHE-CRM\pages\01_仪表盘.py:12 in <module>                                  |
|                                                                                      |
|     9 sys.path.insert(0, str(Path(__file__).parent.parent))                          |
|    10                                                                                |
|    11 from utils.config import COLORS, INDUSTRY_INFO                                 |
| >  12 from utils.database import get_conversion_funnel, get_customers, get_follow_up |
|    13                                                                                |
|    14                                                                                |
|    15 def open_customer_detail(customer_id: int, email_mode: bool = False) -> None:  |
+--------------------------------------------------------------------------------------+
ImportError: cannot import name 'get_linkedin_watch_alerts' from 'utils.database' 
(D:\CODEX\XIHE-CRM\utils\database.py)
+------------------------- Traceback (most recent call last) --------------------------+
| C:\Users\Administrator.DESKTOP-PCHA21E\AppData\Local\Programs\Python\Python312\Lib\s |
| ite-packages\streamlit\runtime\scriptrunner\exec_code.py:129 in                      |
| exec_func_with_error_handling                                                        |
|                                                                                      |
| C:\Users\Administrator.DESKTOP-PCHA21E\AppData\Local\Programs\Python\Python312\Lib\s |
| ite-packages\streamlit\runtime\scriptrunner\script_runner.py:789 in code_to_exec     |
|                                                                                      |
| D:\CODEX\XIHE-CRM\app.py:136 in <module>                                             |
|                                                                                      |
|   133     ],                                                                         |
|   134     "Keyword Intelligence": [                                                  |
|   135         st.Page("pages/08_关键词情报.py", title="关键词情报", icon="+------------------------- Traceback (most recent call last) --------------------------+
| C:\Users\Administrator.DESKTOP-PCHA21E\AppData\Local\Programs\Python\Python312\Lib\s |
| ite-packages\streamlit\runtime\scriptrunner\exec_code.py:129 in                      |
| exec_func_with_error_handling                                                        |
|                                                                                      |
| C:\Users\Administrator.DESKTOP-PCHA21E\AppData\Local\Programs\Python\Python312\Lib\s |
| ite-packages\streamlit\runtime\scriptrunner\script_runner.py:789 in code_to_exec     |
|                                                                                      |
| D:\CODEX\XIHE-CRM\app.py:136 in <module>                                             |
|                                                                                      |
|   133     ],                                                                         |
|   134     "Keyword Intelligence": [                                                  |
|   135         st.Page("pages/08_关键词情报.py", title="关键词情报", icon="+------------------------- Traceback (most recent call last) --------------------------+
| C:\Users\Administrator.DESKTOP-PCHA21E\AppData\Local\Programs\Python\Python312\Lib\s |
| ite-packages\streamlit\runtime\scriptrunner\exec_code.py:129 in                      |
| exec_func_with_error_handling                                                        |
|                                                                                      |
| C:\Users\Administrator.DESKTOP-PCHA21E\AppData\Local\Programs\Python\Python312\Lib\s |
| ite-packages\streamlit\runtime\scriptrunner\script_runner.py:789 in code_to_exec     |
|                                                                                      |
| D:\CODEX\XIHE-CRM\app.py:136 in <module>                                             |
|                                                                                      |
|   133     ],                                                                         |
|   134     "Keyword Intelligence": [                                                  |
|   135         st.Page("pages/08_关键词情报.py", title="关键词情报", icon="+------------------------- Traceback (most recent call last) --------------------------+
| C:\Users\Administrator.DESKTOP-PCHA21E\AppData\Local\Programs\Python\Python312\Lib\s |
| ite-packages\streamlit\runtime\scriptrunner\exec_code.py:129 in                      |
| exec_func_with_error_handling                                                        |
|                                                                                      |
| C:\Users\Administrator.DESKTOP-PCHA21E\AppData\Local\Programs\Python\Python312\Lib\s |
| ite-packages\streamlit\runtime\scriptrunner\script_runner.py:789 in code_to_exec     |
|                                                                                      |
| D:\CODEX\XIHE-CRM\app.py:136 in <module>                                             |
|                                                                                      |
|   133     ],                                                                         |
|   134     "Keyword Intelligence": [                                                  |
|   135         st.Page("pages/08_关键词情报.py", title="关键词情报", icon="+------------------------- Traceback (most recent call last) --------------------------+
| C:\Users\Administrator.DESKTOP-PCHA21E\AppData\Local\Programs\Python\Python312\Lib\s |
| ite-packages\streamlit\runtime\scriptrunner\exec_code.py:129 in                      |
| exec_func_with_error_handling                                                        |
|                                                                                      |
| C:\Users\Administrator.DESKTOP-PCHA21E\AppData\Local\Programs\Python\Python312\Lib\s |
| ite-packages\streamlit\runtime\scriptrunner\script_runner.py:789 in code_to_exec     |
|                                                                                      |
| D:\CODEX\XIHE-CRM\app.py:136 in <module>                                             |
|                                                                                      |
|   133 </div>                                                                         |
|   134 """,                                                                           |
|   135     unsafe_allow_html=True,                                                    |
| > 136 )                                                                              |
|   137                                                                                |
|   138 pg.run()                                                                       |
|   139                                                                                |
|                                                                                      |
| C:\Users\Administrator.DESKTOP-PCHA21E\AppData\Local\Programs\Python\Python312\Lib\s |
| ite-packages\streamlit\navigation\page.py:490 in run                                 |
|                                                                                      |
| D:\CODEX\XIHE-CRM\pages\01_仪表盘.py:12 in <module>                                  |
|                                                                                      |
|     9 sys.path.insert(0, str(Path(__file__).parent.parent))                          |
|    10                                                                                |
|    11 # DEBUG: diagnostic                                                            |
| >  12 try:                                                                           |
|    13     from utils.config import COLORS, INDUSTRY_INFO                             |
|    14     import utils.database as _db                                               |
|    15     _names = [n for n in dir(_db) if 'linkedin' in n.lower()]                  |
+--------------------------------------------------------------------------------------+
ImportError: cannot import name 'get_linkedin_watch_alerts' from 'utils.database' 
(D:\CODEX\XIHE-CRM\utils\database.py)
+------------------------- Traceback (most recent call last) --------------------------+
| C:\Users\Administrator.DESKTOP-PCHA21E\AppData\Local\Programs\Python\Python312\Lib\s |
| ite-packages\streamlit\runtime\scriptrunner\exec_code.py:129 in                      |
| exec_func_with_error_handling                                                        |
|                                                                                      |
| C:\Users\Administrator.DESKTOP-PCHA21E\AppData\Local\Programs\Python\Python312\Lib\s |
| ite-packages\streamlit\runtime\scriptrunner\script_runner.py:789 in code_to_exec     |
|                                                                                      |
| D:\CODEX\XIHE-CRM\app.py:136 in <module>                                             |
|                                                                                      |
|   133 </div>                                                                         |
|   134 """,                                                                           |
|   135     unsafe_allow_html=True,                                                    |
| > 136 )                                                                              |
|   137                                                                                |
|   138 pg.run()                                                                       |
|   139                                                                                |
|                                                                                      |
| C:\Users\Administrator.DESKTOP-PCHA21E\AppData\Local\Programs\Python\Python312\Lib\s |
| ite-packages\streamlit\navigation\page.py:490 in run                                 |
|                                                                                      |
| D:\CODEX\XIHE-CRM\pages\01_仪表盘.py:12 in <module>                                  |
|                                                                                      |
|     9 sys.path.insert(0, str(Path(__file__).parent.parent))                          |
|    10                                                                                |
|    11 # DEBUG: diagnostic                                                            |
| >  12 try:                                                                           |
|    13     from utils.config import COLORS, INDUSTRY_INFO                             |
|    14     import utils.database as _db                                               |
|    15     _names = [n for n in dir(_db) if 'linkedin' in n.lower()]                  |
+--------------------------------------------------------------------------------------+
ImportError: cannot import name 'get_linkedin_watch_alerts' from 'utils.database' 
(D:\CODEX\XIHE-CRM\utils\database.py)
+------------------------- Traceback (most recent call last) --------------------------+
| C:\Users\Administrator.DESKTOP-PCHA21E\AppData\Local\Programs\Python\Python312\Lib\s |
| ite-packages\streamlit\runtime\scriptrunner\exec_code.py:129 in                      |
| exec_func_with_error_handling                                                        |
|                                                                                      |
| C:\Users\Administrator.DESKTOP-PCHA21E\AppData\Local\Programs\Python\Python312\Lib\s |
| ite-packages\streamlit\runtime\scriptrunner\script_runner.py:789 in code_to_exec     |
|                                                                                      |
| D:\CODEX\XIHE-CRM\app.py:136 in <module>                                             |
|                                                                                      |
|   133 </div>                                                                         |
|   134 """,                                                                           |
|   135     unsafe_allow_html=True,                                                    |
| > 136 )                                                                              |
|   137                                                                                |
|   138 pg.run()                                                                       |
|   139                                                                                |
|                                                                                      |
| C:\Users\Administrator.DESKTOP-PCHA21E\AppData\Local\Programs\Python\Python312\Lib\s |
| ite-packages\streamlit\navigation\page.py:490 in run                                 |
|                                                                                      |
| D:\CODEX\XIHE-CRM\pages\01_仪表盘.py:12 in <module>                                  |
|                                                                                      |
|     9 sys.path.insert(0, str(Path(__file__).parent.parent))                          |
|    10                                                                                |
|    11 # DEBUG: diagnostic to file                                                    |
| >  12 import traceback as _tb                                                        |
|    13 try:                                                                           |
|    14     from utils.config import COLORS, INDUSTRY_INFO                             |
|    15     import utils.database as _db                                               |
+--------------------------------------------------------------------------------------+
ImportError: cannot import name 'get_linkedin_watch_alerts' from 'utils.database' 
(D:\CODEX\XIHE-CRM\utils\database.py)
+------------------------- Traceback (most recent call last) --------------------------+
| C:\Users\Administrator.DESKTOP-PCHA21E\AppData\Local\Programs\Python\Python312\Lib\s |
| ite-packages\streamlit\runtime\scriptrunner\exec_code.py:129 in                      |
| exec_func_with_error_handling                                                        |
|                                                                                      |
| C:\Users\Administrator.DESKTOP-PCHA21E\AppData\Local\Programs\Python\Python312\Lib\s |
| ite-packages\streamlit\runtime\scriptrunner\script_runner.py:789 in code_to_exec     |
|                                                                                      |
| D:\CODEX\XIHE-CRM\app.py:136 in <module>                                             |
|                                                                                      |
|   133 </div>                                                                         |
|   134 """,                                                                           |
|   135     unsafe_allow_html=True,                                                    |
| > 136 )                                                                              |
|   137                                                                                |
|   138 pg.run()                                                                       |
|   139                                                                                |
|                                                                                      |
| C:\Users\Administrator.DESKTOP-PCHA21E\AppData\Local\Programs\Python\Python312\Lib\s |
| ite-packages\streamlit\navigation\page.py:490 in run                                 |
|                                                                                      |
| D:\CODEX\XIHE-CRM\pages\01_仪表盘.py:12 in <module>                                  |
|                                                                                      |
|     9 sys.path.insert(0, str(Path(__file__).parent.parent))                          |
|    10                                                                                |
|    11 from utils.config import COLORS, INDUSTRY_INFO                                 |
| >  12 from utils.database import get_conversion_funnel, get_customers, get_follow_up |
|    13                                                                                |
|    14                                                                                |
|    15 def open_customer_detail(customer_id: int, email_mode: bool = False) -> None:  |
+--------------------------------------------------------------------------------------+
ImportError: cannot import name 'get_linkedin_watch_alerts' from 'utils.database' 
(D:\CODEX\XIHE-CRM\utils\database.py)
+------------------------- Traceback (most recent call last) --------------------------+
| C:\Users\Administrator.DESKTOP-PCHA21E\AppData\Local\Programs\Python\Python312\Lib\s |
| ite-packages\streamlit\runtime\scriptrunner\exec_code.py:129 in                      |
| exec_func_with_error_handling                                                        |
|                                                                                      |
| C:\Users\Administrator.DESKTOP-PCHA21E\AppData\Local\Programs\Python\Python312\Lib\s |
| ite-packages\streamlit\runtime\scriptrunner\script_runner.py:789 in code_to_exec     |
|                                                                                      |
| D:\CODEX\XIHE-CRM\app.py:136 in <module>                                             |
|                                                                                      |
|   133 </div>                                                                         |
|   134 """,                                                                           |
|   135     unsafe_allow_html=True,                                                    |
| > 136 )                                                                              |
|   137                                                                                |
|   138 pg.run()                                                                       |
|   139                                                                                |
|                                                                                      |
| C:\Users\Administrator.DESKTOP-PCHA21E\AppData\Local\Programs\Python\Python312\Lib\s |
| ite-packages\streamlit\navigation\page.py:490 in run                                 |
|                                                                                      |
| D:\CODEX\XIHE-CRM\pages\03_客户详情.py:11 in <module>                                |
|                                                                                      |
|     8 sys.path.insert(0, str(Path(__file__).parent.parent))                          |
|     9                                                                                |
|    10 from utils.config import COLORS, INDUSTRY_INFO, PRIORITIES, STATUSES           |
| >  11 from utils.database import (                                                   |
|    12     add_email, add_follow_up, add_linkedin_watch,                              |
|    13     create_follow_up_from_linkedin_signal, delete_follow_up, delete_linkedin_w |
|    14     get_customer, get_emails, get_follow_ups, get_linkedin_watches,            |
+--------------------------------------------------------------------------------------+
ImportError: cannot import name 'add_linkedin_watch' from 'utils.database' 
(D:\CODEX\XIHE-CRM\utils\database.py)
+------------------------- Traceback (most recent call last) --------------------------+
| C:\Users\Administrator.DESKTOP-PCHA21E\AppData\Local\Programs\Python\Python312\Lib\s |
| ite-packages\streamlit\runtime\scriptrunner\exec_code.py:129 in                      |
| exec_func_with_error_handling                                                        |
|                                                                                      |
| C:\Users\Administrator.DESKTOP-PCHA21E\AppData\Local\Programs\Python\Python312\Lib\s |
| ite-packages\streamlit\runtime\scriptrunner\script_runner.py:789 in code_to_exec     |
|                                                                                      |
| D:\CODEX\XIHE-CRM\app.py:136 in <module>                                             |
|                                                                                      |
|   133 </div>                                                                         |
|   134 """,                                                                           |
|   135     unsafe_allow_html=True,                                                    |
| > 136 )                                                                              |
|   137                                                                                |
|   138 pg.run()                                                                       |
|   139                                                                                |
|                                                                                      |
| C:\Users\Administrator.DESKTOP-PCHA21E\AppData\Local\Programs\Python\Python312\Lib\s |
| ite-packages\streamlit\navigation\page.py:490 in run                                 |
|                                                                                      |
| D:\CODEX\XIHE-CRM\pages\03_客户详情.py:11 in <module>                                |
|                                                                                      |
|     8 sys.path.insert(0, str(Path(__file__).parent.parent))                          |
|     9                                                                                |
|    10 from utils.config import COLORS, INDUSTRY_INFO, PRIORITIES, STATUSES           |
| >  11 from utils.database import (                                                   |
|    12     add_email, add_follow_up, add_linkedin_watch,                              |
|    13     create_follow_up_from_linkedin_signal, delete_follow_up, delete_linkedin_w |
|    14     get_customer, get_emails, get_follow_ups, get_linkedin_watches,            |
+--------------------------------------------------------------------------------------+
ImportError: cannot import name 'add_linkedin_watch' from 'utils.database' 
(D:\CODEX\XIHE-CRM\utils\database.py)
+------------------------- Traceback (most recent call last) --------------------------+
| C:\Users\Administrator.DESKTOP-PCHA21E\AppData\Local\Programs\Python\Python312\Lib\s |
| ite-packages\streamlit\runtime\scriptrunner\exec_code.py:129 in                      |
| exec_func_with_error_handling                                                        |
|                                                                                      |
| C:\Users\Administrator.DESKTOP-PCHA21E\AppData\Local\Programs\Python\Python312\Lib\s |
| ite-packages\streamlit\runtime\scriptrunner\script_runner.py:789 in code_to_exec     |
|                                                                                      |
| D:\CODEX\XIHE-CRM\app.py:136 in <module>                                             |
|                                                                                      |
|   133 </div>                                                                         |
|   134 """,                                                                           |
|   135     unsafe_allow_html=True,                                                    |
| > 136 )                                                                              |
|   137                                                                                |
|   138 pg.run()                                                                       |
|   139                                                                                |
|                                                                                      |
| C:\Users\Administrator.DESKTOP-PCHA21E\AppData\Local\Programs\Python\Python312\Lib\s |
| ite-packages\streamlit\navigation\page.py:490 in run                                 |
|                                                                                      |
| D:\CODEX\XIHE-CRM\pages\03_客户详情.py:11 in <module>                                |
|                                                                                      |
|     8 sys.path.insert(0, str(Path(__file__).parent.parent))                          |
|     9                                                                                |
|    10 from utils.config import COLORS, INDUSTRY_INFO, PRIORITIES, STATUSES           |
| >  11 from utils.database import (                                                   |
|    12     add_email, add_follow_up, add_linkedin_watch,                              |
|    13     create_follow_up_from_linkedin_signal, delete_follow_up, delete_linkedin_w |
|    14     get_customer, get_emails, get_follow_ups, get_linkedin_watches,            |
+--------------------------------------------------------------------------------------+
ImportError: cannot import name 'add_linkedin_watch' from 'utils.database' 
(D:\CODEX\XIHE-CRM\utils\database.py)
+------------------------- Traceback (most recent call last) --------------------------+
| C:\Users\Administrator.DESKTOP-PCHA21E\AppData\Local\Programs\Python\Python312\Lib\s |
| ite-packages\streamlit\runtime\scriptrunner\exec_code.py:129 in                      |
| exec_func_with_error_handling                                                        |
|                                                                                      |
| C:\Users\Administrator.DESKTOP-PCHA21E\AppData\Local\Programs\Python\Python312\Lib\s |
| ite-packages\streamlit\runtime\scriptrunner\script_runner.py:789 in code_to_exec     |
|                                                                                      |
| D:\CODEX\XIHE-CRM\app.py:136 in <module>                                             |
|                                                                                      |
|   133 </div>                                                                         |
|   134 """,                                                                           |
|   135     unsafe_allow_html=True,                                                    |
| > 136 )                                                                              |
|   137                                                                                |
|   138 pg.run()                                                                       |
|   139                                                                                |
|                                                                                      |
| C:\Users\Administrator.DESKTOP-PCHA21E\AppData\Local\Programs\Python\Python312\Lib\s |
| ite-packages\streamlit\navigation\page.py:490 in run                                 |
|                                                                                      |
| D:\CODEX\XIHE-CRM\pages\03_客户详情.py:11 in <module>                                |
|                                                                                      |
|     8 sys.path.insert(0, str(Path(__file__).parent.parent))                          |
|     9                                                                                |
|    10 from utils.config import COLORS, INDUSTRY_INFO, PRIORITIES, STATUSES           |
| >  11 from utils.database import (                                                   |
|    12     add_email, add_follow_up, add_linkedin_watch,                              |
|    13     create_follow_up_from_linkedin_signal, delete_follow_up, delete_linkedin_w |
|    14     get_customer, get_emails, get_follow_ups, get_linkedin_watches,            |
+--------------------------------------------------------------------------------------+
ImportError: cannot import name 'add_linkedin_watch' from 'utils.database' 
(D:\CODEX\XIHE-CRM\utils\database.py)
+------------------------- Traceback (most recent call last) --------------------------+
| C:\Users\Administrator.DESKTOP-PCHA21E\AppData\Local\Programs\Python\Python312\Lib\s |
| ite-packages\streamlit\runtime\scriptrunner\exec_code.py:129 in                      |
| exec_func_with_error_handling                                                        |
|                                                                                      |
| C:\Users\Administrator.DESKTOP-PCHA21E\AppData\Local\Programs\Python\Python312\Lib\s |
| ite-packages\streamlit\runtime\scriptrunner\script_runner.py:789 in code_to_exec     |
|                                                                                      |
| D:\CODEX\XIHE-CRM\app.py:136 in <module>                                             |
|                                                                                      |
|   133 </div>                                                                         |
|   134 """,                                                                           |
|   135     unsafe_allow_html=True,                                                    |
| > 136 )                                                                              |
|   137                                                                                |
|   138 pg.run()                                                                       |
|   139                                                                                |
|                                                                                      |
| C:\Users\Administrator.DESKTOP-PCHA21E\AppData\Local\Programs\Python\Python312\Lib\s |
| ite-packages\streamlit\navigation\page.py:490 in run                                 |
|                                                                                      |
| D:\CODEX\XIHE-CRM\pages\03_客户详情.py:11 in <module>                                |
|                                                                                      |
|     8 sys.path.insert(0, str(Path(__file__).parent.parent))                          |
|     9                                                                                |
|    10 from utils.config import COLORS, INDUSTRY_INFO, PRIORITIES, STATUSES           |
| >  11 from utils.database import (                                                   |
|    12     add_email, add_follow_up, add_linkedin_watch,                              |
|    13     create_follow_up_from_linkedin_signal, delete_follow_up, delete_linkedin_w |
|    14     get_customer, get_emails, get_follow_ups, get_linkedin_watches,            |
+--------------------------------------------------------------------------------------+
ImportError: cannot import name 'add_linkedin_watch' from 'utils.database' 
(D:\CODEX\XIHE-CRM\utils\database.py)
+------------------------- Traceback (most recent call last) --------------------------+
| C:\Users\Administrator.DESKTOP-PCHA21E\AppData\Local\Programs\Python\Python312\Lib\s |
| ite-packages\streamlit\runtime\scriptrunner\exec_code.py:129 in                      |
| exec_func_with_error_handling                                                        |
|                                                                                      |
| C:\Users\Administrator.DESKTOP-PCHA21E\AppData\Local\Programs\Python\Python312\Lib\s |
| ite-packages\streamlit\runtime\scriptrunner\script_runner.py:789 in code_to_exec     |
|                                                                                      |
| D:\CODEX\XIHE-CRM\app.py:136 in <module>                                             |
|                                                                                      |
|   133     f"""                                                                       |
|   134 <div style="font-size:0.75rem;color:{COLORS['muted']};text-align:center;">     |
|   135     v1.0 路 Data path: D:/CODEX/XIHE-CRM/                                      |
| > 136 </div>                                                                         |
|   137 """,                                                                           |
|   138     unsafe_allow_html=True,                                                    |
|   139 )                                                                              |
|                                                                                      |
| C:\Users\Administrator.DESKTOP-PCHA21E\AppData\Local\Programs\Python\Python312\Lib\s |
| ite-packages\streamlit\navigation\page.py:490 in run                                 |
|                                                                                      |
| D:\CODEX\XIHE-CRM\pages\03_客户详情.py:11 in <module>                                |
|                                                                                      |
|     8 sys.path.insert(0, str(Path(__file__).parent.parent))                          |
|     9                                                                                |
|    10 from utils.config import COLORS, INDUSTRY_INFO, PRIORITIES, STATUSES           |
| >  11 from utils.database import (                                                   |
|    12     add_email, add_follow_up, add_linkedin_watch,                              |
|    13     create_follow_up_from_linkedin_signal, delete_follow_up, delete_linkedin_w |
|    14     get_customer, get_emails, get_follow_ups, get_linkedin_watches,            |
+--------------------------------------------------------------------------------------+
ImportError: cannot import name 'add_linkedin_watch' from 'utils.database' 
(D:\CODEX\XIHE-CRM\utils\database.py)
+------------------------- Traceback (most recent call last) --------------------------+
| C:\Users\Administrator.DESKTOP-PCHA21E\AppData\Local\Programs\Python\Python312\Lib\s |
| ite-packages\streamlit\runtime\scriptrunner\exec_code.py:129 in                      |
| exec_func_with_error_handling                                                        |
|                                                                                      |
| C:\Users\Administrator.DESKTOP-PCHA21E\AppData\Local\Programs\Python\Python312\Lib\s |
| ite-packages\streamlit\runtime\scriptrunner\script_runner.py:789 in code_to_exec     |
|                                                                                      |
| D:\CODEX\XIHE-CRM\app.py:136 in <module>                                             |
|                                                                                      |
|   133     f"""                                                                       |
|   134 <div style="font-size:0.75rem;color:{COLORS['muted']};text-align:center;">     |
|   135     v1.0 路 Data path: D:/CODEX/XIHE-CRM/                                      |
| > 136 </div>                                                                         |
|   137 """,                                                                           |
|   138     unsafe_allow_html=True,                                                    |
|   139 )                                                                              |
|                                                                                      |
| C:\Users\Administrator.DESKTOP-PCHA21E\AppData\Local\Programs\Python\Python312\Lib\s |
| ite-packages\streamlit\navigation\page.py:490 in run                                 |
|                                                                                      |
| D:\CODEX\XIHE-CRM\pages\01_仪表盘.py:12 in <module>                                  |
|                                                                                      |
|     9 sys.path.insert(0, str(Path(__file__).parent.parent))                          |
|    10                                                                                |
|    11 from utils.config import COLORS, INDUSTRY_INFO                                 |
| >  12 from utils.database import get_conversion_funnel, get_customers, get_follow_up |
|    13                                                                                |
|    14                                                                                |
|    15 def open_customer_detail(customer_id: int, email_mode: bool = False) -> None:  |
+--------------------------------------------------------------------------------------+
ImportError: cannot import name 'get_linkedin_watch_alerts' from 'utils.database' 
(D:\CODEX\XIHE-CRM\utils\database.py)
+------------------------- Traceback (most recent call last) --------------------------+
| C:\Users\Administrator.DESKTOP-PCHA21E\AppData\Local\Programs\Python\Python312\Lib\s |
| ite-packages\streamlit\runtime\scriptrunner\exec_code.py:129 in                      |
| exec_func_with_error_handling                                                        |
|                                                                                      |
| C:\Users\Administrator.DESKTOP-PCHA21E\AppData\Local\Programs\Python\Python312\Lib\s |
| ite-packages\streamlit\runtime\scriptrunner\script_runner.py:789 in code_to_exec     |
|                                                                                      |
| D:\CODEX\XIHE-CRM\app.py:136 in <module>                                             |
|                                                                                      |
|   133     f"""                                                                       |
|   134 <div style="font-size:0.75rem;color:{COLORS['muted']};text-align:center;">     |
|   135     v1.0 路 Data path: D:/CODEX/XIHE-CRM/                                      |
| > 136 </div>                                                                         |
|   137 """,                                                                           |
|   138     unsafe_allow_html=True,                                                    |
|   139 )                                                                              |
|                                                                                      |
| C:\Users\Administrator.DESKTOP-PCHA21E\AppData\Local\Programs\Python\Python312\Lib\s |
| ite-packages\streamlit\navigation\page.py:490 in run                                 |
|                                                                                      |
| D:\CODEX\XIHE-CRM\pages\01_仪表盘.py:12 in <module>                                  |
|                                                                                      |
|     9 sys.path.insert(0, str(Path(__file__).parent.parent))                          |
|    10                                                                                |
|    11 from utils.config import COLORS, INDUSTRY_INFO                                 |
| >  12 from utils.database import get_conversion_funnel, get_customers, get_follow_up |
|    13                                                                                |
|    14                                                                                |
|    15 def open_customer_detail(customer_id: int, email_mode: bool = False) -> None:  |
+--------------------------------------------------------------------------------------+
ImportError: cannot import name 'get_linkedin_watch_alerts' from 'utils.database' 
(D:\CODEX\XIHE-CRM\utils\database.py)
+------------------------- Traceback (most recent call last) --------------------------+
| C:\Users\Administrator.DESKTOP-PCHA21E\AppData\Local\Programs\Python\Python312\Lib\s |
| ite-packages\streamlit\runtime\scriptrunner\exec_code.py:129 in                      |
| exec_func_with_error_handling                                                        |
|                                                                                      |
| C:\Users\Administrator.DESKTOP-PCHA21E\AppData\Local\Programs\Python\Python312\Lib\s |
| ite-packages\streamlit\runtime\scriptrunner\script_runner.py:789 in code_to_exec     |
|                                                                                      |
| D:\CODEX\XIHE-CRM\app.py:136 in <module>                                             |
|                                                                                      |
|   133     f"""                                                                       |
|   134 <div style="font-size:0.75rem;color:{COLORS['muted']};text-align:center;">     |
|   135     v1.0 路 Data path: D:/CODEX/XIHE-CRM/                                      |
| > 136 </div>                                                                         |
|   137 """,                                                                           |
|   138     unsafe_allow_html=True,                                                    |
|   139 )                                                                              |
|                                                                                      |
| C:\Users\Administrator.DESKTOP-PCHA21E\AppData\Local\Programs\Python\Python312\Lib\s |
| ite-packages\streamlit\navigation\page.py:490 in run                                 |
|                                                                                      |
| D:\CODEX\XIHE-CRM\pages\01_仪表盘.py:12 in <module>                                  |
|                                                                                      |
|     9 sys.path.insert(0, str(Path(__file__).parent.parent))                          |
|    10                                                                                |
|    11 from utils.config import COLORS, INDUSTRY_INFO                                 |
| >  12 from utils.database import get_conversion_funnel, get_customers, get_follow_up |
|    13                                                                                |
|    14                                                                                |
|    15 def open_customer_detail(customer_id: int, email_mode: bool = False) -> None:  |
+--------------------------------------------------------------------------------------+
ImportError: cannot import name 'get_linkedin_watch_alerts' from 'utils.database' 
(D:\CODEX\XIHE-CRM\utils\database.py)
+------------------------- Traceback (most recent call last) --------------------------+
| C:\Users\Administrator.DESKTOP-PCHA21E\AppData\Local\Programs\Python\Python312\Lib\s |
| ite-packages\streamlit\runtime\scriptrunner\exec_code.py:129 in                      |
| exec_func_with_error_handling                                                        |
|                                                                                      |
| C:\Users\Administrator.DESKTOP-PCHA21E\AppData\Local\Programs\Python\Python312\Lib\s |
| ite-packages\streamlit\runtime\scriptrunner\script_runner.py:789 in code_to_exec     |
|                                                                                      |
| D:\CODEX\XIHE-CRM\app.py:136 in <module>                                             |
|                                                                                      |
|   133 <div style="font-size:0.75rem;color:{COLORS['muted']};text-align:center;">     |
|   134     v1.0 路 Data path: D:/CODEX/XIHE-CRM/                                      |
|   135 </div>                                                                         |
| > 136 """,                                                                           |
|   137     unsafe_allow_html=True,                                                    |
|   138 )                                                                              |
|   139                                                                                |
|                                                                                      |
| C:\Users\Administrator.DESKTOP-PCHA21E\AppData\Local\Programs\Python\Python312\Lib\s |
| ite-packages\streamlit\navigation\page.py:490 in run                                 |
|                                                                                      |
| D:\CODEX\XIHE-CRM\pages\01_仪表盘.py:12 in <module>                                  |
|                                                                                      |
|     9 sys.path.insert(0, str(Path(__file__).parent.parent))                          |
|    10                                                                                |
|    11 from utils.config import COLORS, INDUSTRY_INFO                                 |
| >  12 from utils.database import get_conversion_funnel, get_customers, get_follow_up |
|    13                                                                                |
|    14                                                                                |
|    15 def open_customer_detail(customer_id: int, email_mode: bool = False) -> None:  |
+--------------------------------------------------------------------------------------+
ImportError: cannot import name 'get_linkedin_watch_alerts' from 'utils.database' 
(D:\CODEX\XIHE-CRM\utils\database.py)
+------------------------- Traceback (most recent call last) --------------------------+
| C:\Users\Administrator.DESKTOP-PCHA21E\AppData\Local\Programs\Python\Python312\Lib\s |
| ite-packages\streamlit\runtime\scriptrunner\exec_code.py:129 in                      |
| exec_func_with_error_handling                                                        |
|                                                                                      |
| C:\Users\Administrator.DESKTOP-PCHA21E\AppData\Local\Programs\Python\Python312\Lib\s |
| ite-packages\streamlit\runtime\scriptrunner\script_runner.py:789 in code_to_exec     |
|                                                                                      |
| D:\CODEX\XIHE-CRM\app.py:136 in <module>                                             |
|                                                                                      |
|   133 <div style="font-size:0.75rem;color:{COLORS['muted']};text-align:center;">     |
|   134     v1.0 路 Data path: D:/CODEX/XIHE-CRM/                                      |
|   135 </div>                                                                         |
| > 136 """,                                                                           |
|   137     unsafe_allow_html=True,                                                    |
|   138 )                                                                              |
|   139                                                                                |
|                                                                                      |
| C:\Users\Administrator.DESKTOP-PCHA21E\AppData\Local\Programs\Python\Python312\Lib\s |
| ite-packages\streamlit\navigation\page.py:490 in run                                 |
|                                                                                      |
| D:\CODEX\XIHE-CRM\pages\01_仪表盘.py:12 in <module>                                  |
|                                                                                      |
|     9 sys.path.insert(0, str(Path(__file__).parent.parent))                          |
|    10                                                                                |
|    11 from utils.config import COLORS, INDUSTRY_INFO                                 |
| >  12 from utils.database import get_conversion_funnel, get_customers, get_follow_up |
|    13                                                                                |
|    14                                                                                |
|    15 def open_customer_detail(customer_id: int, email_mode: bool = False) -> None:  |
+--------------------------------------------------------------------------------------+
ImportError: cannot import name 'get_linkedin_watch_alerts' from 'utils.database' 
(D:\CODEX\XIHE-CRM\utils\database.py)
+------------------------- Traceback (most recent call last) --------------------------+
| C:\Users\Administrator.DESKTOP-PCHA21E\AppData\Local\Programs\Python\Python312\Lib\s |
| ite-packages\streamlit\runtime\scriptrunner\exec_code.py:129 in                      |
| exec_func_with_error_handling                                                        |
|                                                                                      |
| C:\Users\Administrator.DESKTOP-PCHA21E\AppData\Local\Programs\Python\Python312\Lib\s |
| ite-packages\streamlit\runtime\scriptrunner\script_runner.py:789 in code_to_exec     |
|                                                                                      |
| D:\CODEX\XIHE-CRM\app.py:136 in <module>                                             |
|                                                                                      |
|   133     v1.0 路 Data path: D:/CODEX/XIHE-CRM/                                      |
|   134 </div>                                                                         |
|   135 """,                                                                           |
| > 136     unsafe_allow_html=True,                                                    |
|   137 )                                                                              |
|   138                                                                                |
|   139 pg.run()                                                                       |
|                                                                                      |
| C:\Users\Administrator.DESKTOP-PCHA21E\AppData\Local\Programs\Python\Python312\Lib\s |
| ite-packages\streamlit\navigation\page.py:490 in run                                 |
|                                                                                      |
| D:\CODEX\XIHE-CRM\pages\01_仪表盘.py:12 in <module>                                  |
|                                                                                      |
|     9 sys.path.insert(0, str(Path(__file__).parent.parent))                          |
|    10                                                                                |
|    11 from utils.config import COLORS, INDUSTRY_INFO                                 |
| >  12 import utils.database                                                          |
|    13 from utils.database import get_conversion_funnel, get_customers, get_follow_up |
|    14                                                                                |
|    15                                                                                |
+--------------------------------------------------------------------------------------+
ImportError: cannot import name 'get_linkedin_watch_alerts' from 'utils.database' 
(D:\CODEX\XIHE-CRM\utils\database.py)
+------------------------- Traceback (most recent call last) --------------------------+
| C:\Users\Administrator.DESKTOP-PCHA21E\AppData\Local\Programs\Python\Python312\Lib\s |
| ite-packages\streamlit\runtime\scriptrunner\exec_code.py:129 in                      |
| exec_func_with_error_handling                                                        |
|                                                                                      |
| C:\Users\Administrator.DESKTOP-PCHA21E\AppData\Local\Programs\Python\Python312\Lib\s |
| ite-packages\streamlit\runtime\scriptrunner\script_runner.py:789 in code_to_exec     |
|                                                                                      |
| D:\CODEX\XIHE-CRM\app.py:136 in <module>                                             |
|                                                                                      |
|   133     v1.0 路 Data path: D:/CODEX/XIHE-CRM/                                      |
|   134 </div>                                                                         |
|   135 """,                                                                           |
| > 136     unsafe_allow_html=True,                                                    |
|   137 )                                                                              |
|   138                                                                                |
|   139 pg.run()                                                                       |
|                                                                                      |
| C:\Users\Administrator.DESKTOP-PCHA21E\AppData\Local\Programs\Python\Python312\Lib\s |
| ite-packages\streamlit\navigation\page.py:490 in run                                 |
|                                                                                      |
| D:\CODEX\XIHE-CRM\pages\01_仪表盘.py:12 in <module>                                  |
|                                                                                      |
|     9 sys.path.insert(0, str(Path(__file__).parent.parent))                          |
|    10                                                                                |
|    11 from utils.config import COLORS, INDUSTRY_INFO                                 |
| >  12 import utils.database                                                          |
|    13 from utils.database import get_conversion_funnel, get_customers, get_follow_up |
|    14                                                                                |
|    15                                                                                |
+--------------------------------------------------------------------------------------+
ImportError: cannot import name 'get_linkedin_watch_alerts' from 'utils.database' 
(D:\CODEX\XIHE-CRM\utils\database.py)
+------------------------- Traceback (most recent call last) --------------------------+
| C:\Users\Administrator.DESKTOP-PCHA21E\AppData\Local\Programs\Python\Python312\Lib\s |
| ite-packages\streamlit\runtime\scriptrunner\exec_code.py:129 in                      |
| exec_func_with_error_handling                                                        |
|                                                                                      |
| C:\Users\Administrator.DESKTOP-PCHA21E\AppData\Local\Programs\Python\Python312\Lib\s |
| ite-packages\streamlit\runtime\scriptrunner\script_runner.py:789 in code_to_exec     |
|                                                                                      |
| D:\CODEX\XIHE-CRM\app.py:136 in <module>                                             |
|                                                                                      |
|   133     v1.0 路 Data path: D:/CODEX/XIHE-CRM/                                      |
|   134 </div>                                                                         |
|   135 """,                                                                           |
| > 136     unsafe_allow_html=True,                                                    |
|   137 )                                                                              |
|   138                                                                                |
|   139 pg.run()                                                                       |
|                                                                                      |
| C:\Users\Administrator.DESKTOP-PCHA21E\AppData\Local\Programs\Python\Python312\Lib\s |
| ite-packages\streamlit\navigation\page.py:490 in run                                 |
|                                                                                      |
| D:\CODEX\XIHE-CRM\pages\01_仪表盘.py:12 in <module>                                  |
|                                                                                      |
|     9 sys.path.insert(0, str(Path(__file__).parent.parent))                          |
|    10                                                                                |
|    11 from utils.config import COLORS, INDUSTRY_INFO                                 |
| >  12 import utils.database                                                          |
|    13 from utils.database import get_conversion_funnel, get_customers, get_follow_up |
|    14                                                                                |
|    15                                                                                |
+--------------------------------------------------------------------------------------+
ImportError: cannot import name 'get_linkedin_watch_alerts' from 'utils.database' 
(D:\CODEX\XIHE-CRM\utils\database.py)
+------------------------- Traceback (most recent call last) --------------------------+
| C:\Users\Administrator.DESKTOP-PCHA21E\AppData\Local\Programs\Python\Python312\Lib\s |
| ite-packages\streamlit\runtime\scriptrunner\exec_code.py:129 in                      |
| exec_func_with_error_handling                                                        |
|                                                                                      |
| C:\Users\Administrator.DESKTOP-PCHA21E\AppData\Local\Programs\Python\Python312\Lib\s |
| ite-packages\streamlit\runtime\scriptrunner\script_runner.py:789 in code_to_exec     |
|                                                                                      |
| D:\CODEX\XIHE-CRM\app.py:136 in <module>                                             |
|                                                                                      |
|   133 }                                                                              |
|   134                                                                                |
|   135 pg = st.navigation(pages)                                                      |
| > 136                                                                                |
|   137 st.sidebar.divider()                                                           |
|   138 st.sidebar.markdown(                                                           |
|   139     f"""                                                                       |
|                                                                                      |
| C:\Users\Administrator.DESKTOP-PCHA21E\AppData\Local\Programs\Python\Python312\Lib\s |
| ite-packages\streamlit\navigation\page.py:490 in run                                 |
|                                                                                      |
| D:\CODEX\XIHE-CRM\pages\01_仪表盘.py:12 in <module>                                  |
|                                                                                      |
|     9 sys.path.insert(0, str(Path(__file__).parent.parent))                          |
|    10                                                                                |
|    11 from utils.config import COLORS, INDUSTRY_INFO                                 |
| >  12 import utils.database                                                          |
|    13 from utils.database import get_conversion_funnel, get_customers, get_follow_up |
|    14                                                                                |
|    15                                                                                |
+--------------------------------------------------------------------------------------+
ImportError: cannot import name 'get_linkedin_watch_alerts' from 'utils.database' 
(D:\CODEX\XIHE-CRM\utils\database.py)
+------------------------- Traceback (most recent call last) --------------------------+
| C:\Users\Administrator.DESKTOP-PCHA21E\AppData\Local\Programs\Python\Python312\Lib\s |
| ite-packages\streamlit\runtime\scriptrunner\exec_code.py:129 in                      |
| exec_func_with_error_handling                                                        |
|                                                                                      |
| C:\Users\Administrator.DESKTOP-PCHA21E\AppData\Local\Programs\Python\Python312\Lib\s |
| ite-packages\streamlit\runtime\scriptrunner\script_runner.py:789 in code_to_exec     |
|                                                                                      |
| D:\CODEX\XIHE-CRM\app.py:136 in <module>                                             |
|                                                                                      |
|   133 }                                                                              |
|   134                                                                                |
|   135 pg = st.navigation(pages)                                                      |
| > 136                                                                                |
|   137 st.sidebar.divider()                                                           |
|   138 st.sidebar.markdown(                                                           |
|   139     f"""                                                                       |
|                                                                                      |
| C:\Users\Administrator.DESKTOP-PCHA21E\AppData\Local\Programs\Python\Python312\Lib\s |
| ite-packages\streamlit\navigation\page.py:490 in run                                 |
|                                                                                      |
| D:\CODEX\XIHE-CRM\pages\01_仪表盘.py:12 in <module>                                  |
|                                                                                      |
|     9 sys.path.insert(0, str(Path(__file__).parent.parent))                          |
|    10                                                                                |
|    11 from utils.config import COLORS, INDUSTRY_INFO                                 |
| >  12 import utils.database                                                          |
|    13 from utils.database import get_conversion_funnel, get_customers, get_follow_up |
|    14                                                                                |
|    15                                                                                |
+--------------------------------------------------------------------------------------+
ImportError: cannot import name 'get_linkedin_watch_alerts' from 'utils.database' 
(D:\CODEX\XIHE-CRM\utils\database.py)
+------------------------- Traceback (most recent call last) --------------------------+
| C:\Users\Administrator.DESKTOP-PCHA21E\AppData\Local\Programs\Python\Python312\Lib\s |
| ite-packages\streamlit\runtime\scriptrunner\exec_code.py:129 in                      |
| exec_func_with_error_handling                                                        |
|                                                                                      |
| C:\Users\Administrator.DESKTOP-PCHA21E\AppData\Local\Programs\Python\Python312\Lib\s |
| ite-packages\streamlit\runtime\scriptrunner\script_runner.py:789 in code_to_exec     |
|                                                                                      |
| D:\CODEX\XIHE-CRM\app.py:136 in <module>                                             |
|                                                                                      |
|                                                                                      |
| C:\Users\Administrator.DESKTOP-PCHA21E\AppData\Local\Programs\Python\Python312\Lib\s |
| ite-packages\streamlit\navigation\page.py:490 in run                                 |
|                                                                                      |
| D:\CODEX\XIHE-CRM\pages\01_仪表盘.py:12 in <module>                                  |
|                                                                                      |
|     9 sys.path.insert(0, str(Path(__file__).parent.parent))                          |
|    10                                                                                |
|    11 from utils.config import COLORS, INDUSTRY_INFO                                 |
| >  12 import utils.database                                                          |
|    13 from utils.database import get_conversion_funnel, get_customers, get_follow_up |
|    14                                                                                |
|    15                                                                                |
+--------------------------------------------------------------------------------------+
ImportError: cannot import name 'get_linkedin_watch_alerts' from 'utils.database' 
(D:\CODEX\XIHE-CRM\utils\database.py)
+------------------------- Traceback (most recent call last) --------------------------+
| C:\Users\Administrator.DESKTOP-PCHA21E\AppData\Local\Programs\Python\Python312\Lib\s |
| ite-packages\streamlit\runtime\scriptrunner\exec_code.py:129 in                      |
| exec_func_with_error_handling                                                        |
|                                                                                      |
| C:\Users\Administrator.DESKTOP-PCHA21E\AppData\Local\Programs\Python\Python312\Lib\s |
| ite-packages\streamlit\runtime\scriptrunner\script_runner.py:789 in code_to_exec     |
|                                                                                      |
| D:\CODEX\XIHE-CRM\app.py:136 in <module>                                             |
|                                                                                      |
|                                                                                      |
| C:\Users\Administrator.DESKTOP-PCHA21E\AppData\Local\Programs\Python\Python312\Lib\s |
| ite-packages\streamlit\navigation\page.py:490 in run                                 |
|                                                                                      |
| D:\CODEX\XIHE-CRM\pages\01_仪表盘.py:12 in <module>                                  |
|                                                                                      |
|     9 sys.path.insert(0, str(Path(__file__).parent.parent))                          |
|    10                                                                                |
|    11 from utils.config import COLORS, INDUSTRY_INFO                                 |
| >  12 import utils.database                                                          |
|    13 from utils.database import get_conversion_funnel, get_customers, get_follow_up |
|    14                                                                                |
|    15                                                                                |
+--------------------------------------------------------------------------------------+
ImportError: cannot import name 'get_linkedin_watch_alerts' from 'utils.database' 
(D:\CODEX\XIHE-CRM\utils\database.py)
+------------------------- Traceback (most recent call last) --------------------------+
| C:\Users\Administrator.DESKTOP-PCHA21E\AppData\Local\Programs\Python\Python312\Lib\s |
| ite-packages\streamlit\runtime\scriptrunner\exec_code.py:129 in                      |
| exec_func_with_error_handling                                                        |
|                                                                                      |
| C:\Users\Administrator.DESKTOP-PCHA21E\AppData\Local\Programs\Python\Python312\Lib\s |
| ite-packages\streamlit\runtime\scriptrunner\script_runner.py:789 in code_to_exec     |
|                                                                                      |
| D:\CODEX\XIHE-CRM\app.py:136 in <module>                                             |
|                                                                                      |
|                                                                                      |
| C:\Users\Administrator.DESKTOP-PCHA21E\AppData\Local\Programs\Python\Python312\Lib\s |
| ite-packages\streamlit\navigation\page.py:490 in run                                 |
|                                                                                      |
| D:\CODEX\XIHE-CRM\pages\01_仪表盘.py:12 in <module>                                  |
|                                                                                      |
|     9 sys.path.insert(0, str(Path(__file__).parent.parent))                          |
|    10                                                                                |
|    11 from utils.config import COLORS, INDUSTRY_INFO                                 |
| >  12 import utils.database                                                          |
|    13 from utils.database import get_conversion_funnel, get_customers, get_follow_up |
|    14                                                                                |
|    15                                                                                |
+--------------------------------------------------------------------------------------+
ImportError: cannot import name 'get_linkedin_watch_alerts' from 'utils.database' 
(D:\CODEX\XIHE-CRM\utils\database.py)
+------------------------- Traceback (most recent call last) --------------------------+
| C:\Users\Administrator.DESKTOP-PCHA21E\AppData\Local\Programs\Python\Python312\Lib\s |
| ite-packages\streamlit\runtime\scriptrunner\exec_code.py:129 in                      |
| exec_func_with_error_handling                                                        |
|                                                                                      |
| C:\Users\Administrator.DESKTOP-PCHA21E\AppData\Local\Programs\Python\Python312\Lib\s |
| ite-packages\streamlit\runtime\scriptrunner\script_runner.py:789 in code_to_exec     |
|                                                                                      |
| D:\CODEX\XIHE-CRM\app.py:136 in <module>                                             |
|                                                                                      |
|                                                                                      |
| C:\Users\Administrator.DESKTOP-PCHA21E\AppData\Local\Programs\Python\Python312\Lib\s |
| ite-packages\streamlit\navigation\page.py:490 in run                                 |
|                                                                                      |
| D:\CODEX\XIHE-CRM\pages\01_仪表盘.py:12 in <module>                                  |
|                                                                                      |
|     9 sys.path.insert(0, str(Path(__file__).parent.parent))                          |
|    10                                                                                |
|    11 from utils.config import COLORS, INDUSTRY_INFO                                 |
| >  12 import utils.database                                                          |
|    13 from utils.database import get_conversion_funnel, get_customers, get_follow_up |
|    14                                                                                |
|    15                                                                                |
+--------------------------------------------------------------------------------------+
ImportError: cannot import name 'get_linkedin_watch_alerts' from 'utils.database' 
(D:\CODEX\XIHE-CRM\utils\database.py)
+------------------------- Traceback (most recent call last) --------------------------+
| C:\Users\Administrator.DESKTOP-PCHA21E\AppData\Local\Programs\Python\Python312\Lib\s |
| ite-packages\streamlit\runtime\scriptrunner\exec_code.py:129 in                      |
| exec_func_with_error_handling                                                        |
|                                                                                      |
| C:\Users\Administrator.DESKTOP-PCHA21E\AppData\Local\Programs\Python\Python312\Lib\s |
| ite-packages\streamlit\runtime\scriptrunner\script_runner.py:789 in code_to_exec     |
|                                                                                      |
| D:\CODEX\XIHE-CRM\app.py:136 in <module>                                             |
|                                                                                      |
|                                                                                      |
| C:\Users\Administrator.DESKTOP-PCHA21E\AppData\Local\Programs\Python\Python312\Lib\s |
| ite-packages\streamlit\navigation\page.py:490 in run                                 |
|                                                                                      |
| D:\CODEX\XIHE-CRM\pages\03_客户详情.py:11 in <module>                                |
|                                                                                      |
|     8 sys.path.insert(0, str(Path(__file__).parent.parent))                          |
|     9                                                                                |
|    10 from utils.config import COLORS, INDUSTRY_INFO, PRIORITIES, STATUSES           |
| >  11 from utils.database import (                                                   |
|    12     add_email, add_follow_up, add_linkedin_watch,                              |
|    13     create_follow_up_from_linkedin_signal, delete_follow_up, delete_linkedin_w |
|    14     get_customer, get_emails, get_follow_ups, get_linkedin_watches,            |
+--------------------------------------------------------------------------------------+
ImportError: cannot import name 'add_linkedin_watch' from 'utils.database' 
(D:\CODEX\XIHE-CRM\utils\database.py)
+------------------------- Traceback (most recent call last) --------------------------+
| C:\Users\Administrator.DESKTOP-PCHA21E\AppData\Local\Programs\Python\Python312\Lib\s |
| ite-packages\streamlit\runtime\scriptrunner\exec_code.py:129 in                      |
| exec_func_with_error_handling                                                        |
|                                                                                      |
| C:\Users\Administrator.DESKTOP-PCHA21E\AppData\Local\Programs\Python\Python312\Lib\s |
| ite-packages\streamlit\runtime\scriptrunner\script_runner.py:789 in code_to_exec     |
|                                                                                      |
| D:\CODEX\XIHE-CRM\app.py:136 in <module>                                             |
|                                                                                      |
|                                                                                      |
| C:\Users\Administrator.DESKTOP-PCHA21E\AppData\Local\Programs\Python\Python312\Lib\s |
| ite-packages\streamlit\navigation\page.py:490 in run                                 |
|                                                                                      |
| D:\CODEX\XIHE-CRM\pages\01_仪表盘.py:12 in <module>                                  |
|                                                                                      |
|     9 sys.path.insert(0, str(Path(__file__).parent.parent))                          |
|    10                                                                                |
|    11 from utils.config import COLORS, INDUSTRY_INFO                                 |
| >  12 import utils.database                                                          |
|    13 from utils.database import get_conversion_funnel, get_customers, get_follow_up |
|    14                                                                                |
|    15                                                                                |
+--------------------------------------------------------------------------------------+
ImportError: cannot import name 'get_linkedin_watch_alerts' from 'utils.database' 
(D:\CODEX\XIHE-CRM\utils\database.py)
+------------------------- Traceback (most recent call last) --------------------------+
| C:\Users\Administrator.DESKTOP-PCHA21E\AppData\Local\Programs\Python\Python312\Lib\s |
| ite-packages\streamlit\runtime\scriptrunner\exec_code.py:129 in                      |
| exec_func_with_error_handling                                                        |
|                                                                                      |
| C:\Users\Administrator.DESKTOP-PCHA21E\AppData\Local\Programs\Python\Python312\Lib\s |
| ite-packages\streamlit\runtime\scriptrunner\script_runner.py:789 in code_to_exec     |
|                                                                                      |
| D:\CODEX\XIHE-CRM\app.py:136 in <module>                                             |
|                                                                                      |
|                                                                                      |
| C:\Users\Administrator.DESKTOP-PCHA21E\AppData\Local\Programs\Python\Python312\Lib\s |
| ite-packages\streamlit\navigation\page.py:490 in run                                 |
|                                                                                      |
| D:\CODEX\XIHE-CRM\pages\01_仪表盘.py:12 in <module>                                  |
|                                                                                      |
|     9 sys.path.insert(0, str(Path(__file__).parent.parent))                          |
|    10                                                                                |
|    11 from utils.config import COLORS, INDUSTRY_INFO                                 |
| >  12 import utils.database                                                          |
|    13 from utils.database import get_conversion_funnel, get_customers, get_follow_up |
|    14                                                                                |
|    15                                                                                |
+--------------------------------------------------------------------------------------+
ImportError: cannot import name 'get_linkedin_watch_alerts' from 'utils.database' 
(D:\CODEX\XIHE-CRM\utils\database.py)
+------------------------- Traceback (most recent call last) --------------------------+
| C:\Users\Administrator.DESKTOP-PCHA21E\AppData\Local\Programs\Python\Python312\Lib\s |
| ite-packages\streamlit\runtime\scriptrunner\exec_code.py:129 in                      |
| exec_func_with_error_handling                                                        |
|                                                                                      |
| C:\Users\Administrator.DESKTOP-PCHA21E\AppData\Local\Programs\Python\Python312\Lib\s |
| ite-packages\streamlit\runtime\scriptrunner\script_runner.py:789 in code_to_exec     |
|                                                                                      |
| D:\CODEX\XIHE-CRM\app.py:136 in <module>                                             |
|                                                                                      |
|                                                                                      |
| C:\Users\Administrator.DESKTOP-PCHA21E\AppData\Local\Programs\Python\Python312\Lib\s |
| ite-packages\streamlit\navigation\page.py:490 in run                                 |
|                                                                                      |
| D:\CODEX\XIHE-CRM\pages\01_仪表盘.py:12 in <module>                                  |
|                                                                                      |
|     9 sys.path.insert(0, str(Path(__file__).parent.parent))                          |
|    10                                                                                |
|    11 from utils.config import COLORS, INDUSTRY_INFO                                 |
| >  12 import utils.database as _db                                                   |
|    13 get_conversion_funnel = _db.get_conversion_funnel                              |
|    14 get_customers = _db.get_customers                                              |
|    15 get_follow_up_queue = _db.get_follow_up_queue                                  |
+--------------------------------------------------------------------------------------+
ImportError: cannot import name 'get_linkedin_watch_alerts' from 'utils.database' 
(D:\CODEX\XIHE-CRM\utils\database.py)
+------------------------- Traceback (most recent call last) --------------------------+
| C:\Users\Administrator.DESKTOP-PCHA21E\AppData\Local\Programs\Python\Python312\Lib\s |
| ite-packages\streamlit\runtime\scriptrunner\exec_code.py:129 in                      |
| exec_func_with_error_handling                                                        |
|                                                                                      |
| C:\Users\Administrator.DESKTOP-PCHA21E\AppData\Local\Programs\Python\Python312\Lib\s |
| ite-packages\streamlit\runtime\scriptrunner\script_runner.py:789 in code_to_exec     |
|                                                                                      |
| D:\CODEX\XIHE-CRM\app.py:136 in <module>                                             |
|                                                                                      |
|                                                                                      |
| C:\Users\Administrator.DESKTOP-PCHA21E\AppData\Local\Programs\Python\Python312\Lib\s |
| ite-packages\streamlit\navigation\page.py:490 in run                                 |
|                                                                                      |
| D:\CODEX\XIHE-CRM\pages\01_仪表盘.py:12 in <module>                                  |
|                                                                                      |
|     9 sys.path.insert(0, str(Path(__file__).parent.parent))                          |
|    10                                                                                |
|    11 from utils.config import COLORS, INDUSTRY_INFO                                 |
| >  12 import utils.database as _db                                                   |
|    13 get_conversion_funnel = _db.get_conversion_funnel                              |
|    14 get_customers = _db.get_customers                                              |
|    15 get_follow_up_queue = _db.get_follow_up_queue                                  |
+--------------------------------------------------------------------------------------+
ImportError: cannot import name 'get_linkedin_watch_alerts' from 'utils.database' 
(D:\CODEX\XIHE-CRM\utils\database.py)
+------------------------- Traceback (most recent call last) --------------------------+
| C:\Users\Administrator.DESKTOP-PCHA21E\AppData\Local\Programs\Python\Python312\Lib\s |
| ite-packages\streamlit\runtime\scriptrunner\exec_code.py:129 in                      |
| exec_func_with_error_handling                                                        |
|                                                                                      |
| C:\Users\Administrator.DESKTOP-PCHA21E\AppData\Local\Programs\Python\Python312\Lib\s |
| ite-packages\streamlit\runtime\scriptrunner\script_runner.py:789 in code_to_exec     |
|                                                                                      |
| D:\CODEX\XIHE-CRM\app.py:136 in <module>                                             |
|                                                                                      |
|                                                                                      |
| C:\Users\Administrator.DESKTOP-PCHA21E\AppData\Local\Programs\Python\Python312\Lib\s |
| ite-packages\streamlit\navigation\page.py:490 in run                                 |
|                                                                                      |
| D:\CODEX\XIHE-CRM\pages\01_仪表盘.py:12 in <module>                                  |
|                                                                                      |
|     9 sys.path.insert(0, str(Path(__file__).parent.parent))                          |
|    10                                                                                |
|    11 from utils.config import COLORS, INDUSTRY_INFO                                 |
| >  12 import utils.database as _db                                                   |
|    13 get_conversion_funnel = _db.get_conversion_funnel                              |
|    14 get_customers = _db.get_customers                                              |
|    15 get_follow_up_queue = _db.get_follow_up_queue                                  |
+--------------------------------------------------------------------------------------+
ImportError: cannot import name 'get_linkedin_watch_alerts' from 'utils.database' 
(D:\CODEX\XIHE-CRM\utils\database.py)
+------------------------- Traceback (most recent call last) --------------------------+
| C:\Users\Administrator.DESKTOP-PCHA21E\AppData\Local\Programs\Python\Python312\Lib\s |
| ite-packages\streamlit\runtime\scriptrunner\exec_code.py:129 in                      |
| exec_func_with_error_handling                                                        |
|                                                                                      |
| C:\Users\Administrator.DESKTOP-PCHA21E\AppData\Local\Programs\Python\Python312\Lib\s |
| ite-packages\streamlit\runtime\scriptrunner\script_runner.py:789 in code_to_exec     |
|                                                                                      |
| D:\CODEX\XIHE-CRM\app.py:136 in <module>                                             |
|                                                                                      |
|                                                                                      |
| C:\Users\Administrator.DESKTOP-PCHA21E\AppData\Local\Programs\Python\Python312\Lib\s |
| ite-packages\streamlit\navigation\page.py:490 in run                                 |
|                                                                                      |
| D:\CODEX\XIHE-CRM\pages\01_仪表盘.py:12 in <module>                                  |
|                                                                                      |
|     9 sys.path.insert(0, str(Path(__file__).parent.parent))                          |
|    10                                                                                |
|    11 from utils.config import COLORS, INDUSTRY_INFO                                 |
| >  12 import utils.database as _db                                                   |
|    13 get_conversion_funnel = _db.get_conversion_funnel                              |
|    14 get_customers = _db.get_customers                                              |
|    15 get_follow_up_queue = _db.get_follow_up_queue                                  |
+--------------------------------------------------------------------------------------+
ImportError: cannot import name 'get_linkedin_watch_alerts' from 'utils.database' 
(D:\CODEX\XIHE-CRM\utils\database.py)
+------------------------- Traceback (most recent call last) --------------------------+
| C:\Users\Administrator.DESKTOP-PCHA21E\AppData\Local\Programs\Python\Python312\Lib\s |
| ite-packages\streamlit\runtime\scriptrunner\exec_code.py:129 in                      |
| exec_func_with_error_handling                                                        |
|                                                                                      |
| C:\Users\Administrator.DESKTOP-PCHA21E\AppData\Local\Programs\Python\Python312\Lib\s |
| ite-packages\streamlit\runtime\scriptrunner\script_runner.py:789 in code_to_exec     |
|                                                                                      |
| D:\CODEX\XIHE-CRM\app.py:136 in <module>                                             |
|                                                                                      |
|                                                                                      |
| C:\Users\Administrator.DESKTOP-PCHA21E\AppData\Local\Programs\Python\Python312\Lib\s |
| ite-packages\streamlit\navigation\page.py:490 in run                                 |
|                                                                                      |
| D:\CODEX\XIHE-CRM\pages\01_仪表盘.py:12 in <module>                                  |
|                                                                                      |
|     9 sys.path.insert(0, str(Path(__file__).parent.parent))                          |
|    10                                                                                |
|    11 from utils.config import COLORS, INDUSTRY_INFO                                 |
| >  12 import utils.database as _db                                                   |
|    13 get_conversion_funnel = _db.get_conversion_funnel                              |
|    14 get_customers = _db.get_customers                                              |
|    15 get_follow_up_queue = _db.get_follow_up_queue                                  |
+--------------------------------------------------------------------------------------+
ImportError: cannot import name 'get_linkedin_watch_alerts' from 'utils.database' 
(D:\CODEX\XIHE-CRM\utils\database.py)
+------------------------- Traceback (most recent call last) --------------------------+
| C:\Users\Administrator.DESKTOP-PCHA21E\AppData\Local\Programs\Python\Python312\Lib\s |
| ite-packages\streamlit\runtime\scriptrunner\exec_code.py:129 in                      |
| exec_func_with_error_handling                                                        |
|                                                                                      |
| C:\Users\Administrator.DESKTOP-PCHA21E\AppData\Local\Programs\Python\Python312\Lib\s |
| ite-packages\streamlit\runtime\scriptrunner\script_runner.py:789 in code_to_exec     |
|                                                                                      |
| D:\CODEX\XIHE-CRM\app.py:136 in <module>                                             |
|                                                                                      |
|                                                                                      |
| C:\Users\Administrator.DESKTOP-PCHA21E\AppData\Local\Programs\Python\Python312\Lib\s |
| ite-packages\streamlit\navigation\page.py:490 in run                                 |
|                                                                                      |
| D:\CODEX\XIHE-CRM\pages\01_仪表盘.py:12 in <module>                                  |
|                                                                                      |
|     9 sys.path.insert(0, str(Path(__file__).parent.parent))                          |
|    10                                                                                |
|    11 from utils.config import COLORS, INDUSTRY_INFO                                 |
| >  12 import utils.database as _db                                                   |
|    13 get_conversion_funnel = _db.get_conversion_funnel                              |
|    14 get_customers = _db.get_customers                                              |
|    15 get_follow_up_queue = _db.get_follow_up_queue                                  |
+--------------------------------------------------------------------------------------+
ImportError: cannot import name 'get_linkedin_watch_alerts' from 'utils.database' 
(D:\CODEX\XIHE-CRM\utils\database.py)
